latitude,longitude
14.69685812606084,120.5720890707455
14.69577985916895,120.57265792020559
14.695420436351098,120.57284753531027
14.695330094896692,120.57284853329996
14.69311426264003,120.56832477955693
14.69302392147205,120.56832577924123
14.692675203477414,120.56953630740682
14.692393479288693,120.56851839645923
14.692303138102082,120.56851939601275
14.692315783499051,120.56972592370775
14.692212796914706,120.56852039555946
14.692214742755498,120.56870601505356
14.692124401554867,120.56870701451733
14.692137045826177,120.56991354140033
14.692034060353462,120.56870801397424
14.691943719151295,120.56870901342432
14.691675613911103,120.56899044034094
14.691676586627304,120.56908324989037
14.690678711477066,120.8234410712067
14.690679582371569,120.8235338970161
14.690680453228994,120.82362672283162
14.690582256747431,120.82279218567987
14.69058312789586,120.82288501140837
14.690583999007218,120.82297783714297
14.690491899316626,120.82279308064146
14.690492770459466,120.82288590633188
14.685481776690581,120.88689809390391
14.68368795714697,120.73504418589296
14.679795739441385,120.81927862118799
14.679796611369266,120.8193714421476
14.67940495994882,120.85492936649833
14.679313742818355,120.85483742460998
14.679314600507363,120.85493024755485
14.67636035903207,120.86776964544553
14.676361211385153,120.86786246793199
14.676269146421658,120.86767769859829
14.671996986631457,120.90466537846441
14.67190662421146,120.90466623864792
14.671270892765733,120.85482299833296
14.671410640785808,120.879885365997
14.670426833619684,120.88100878810512
14.670427680348208,120.88110160889103
14.67042852703971,120.88119442968289
14.666234704699812,120.9070409309099
14.665027226876605,120.9134575513854
14.658084940544166,120.64110231910088
14.658244229958859,120.93310808513992
14.656008408639629,120.91549228834242
14.655918877618799,120.91558595984556
14.655332297973644,120.88068988900294
14.655239398604136,120.88041231491633
14.655419917700433,120.92041755460308
14.655329554241039,120.92041840731513
14.653844683940386,120.91606969638933
14.650664304098745,120.6399752582632
14.650665245852428,120.64006805536846
14.650669012497625,120.64043924385571
14.650574899594304,120.6400690226471
14.650578666215274,120.64044021098253
14.649844594874134,120.63933438671346
14.649845536831926,120.63942718343078
14.649120883174467,120.63924933030125
14.649030536957913,120.63925029780873
14.64875949830369,120.63925320029139
14.64866915208408,120.63925416777235
14.651050075821443,120.91683869793766
14.648126132833928,120.6391671765358
14.648127074750459,120.63925997251891
14.648035786615047,120.63916814400831
14.648036728525518,120.63926093995347
14.647676285467417,120.63935760542549
14.647677227279758,120.63945040123212
14.647678169055155,120.63954319704544
14.64758688103888,120.63945136855769
14.647587822808214,120.63954416433303
14.644372717187062,120.65220004550348
14.644373653672076,120.65229284078077
14.644281433573274,120.6521082121478
14.644282370089202,120.65220100738054
14.641979643308273,120.64786372792175
14.641980581372264,120.64795652190277
14.64273486345912,120.87672702557477
14.640905275377465,120.91424279741517
14.639857192218157,120.89819530499749
14.638060880548391,120.76363416555142
14.638061772231069,120.76372696544117
14.636104843024755,120.59465919932387
14.636014499650804,120.59466018418046
14.623333386539683,120.91988467055134
14.621614551705566,120.92983159360331
14.621524187443365,120.9298324404119
14.621525011976638,120.92992524353468
14.621433823180427,120.9298332872147
14.621434647708377,120.92992609029959
14.621344283439367,120.92992693705868
14.621253919169618,120.92992778381195
14.621163554899118,120.9299286305594
14.614562701992917,120.7821536427892
14.613983644728535,120.9152395295343
14.613893281247087,120.91524038184446
14.612582979013121,120.85056790667967
14.613155377145148,120.92369275947753
14.61250211096639,120.91126283630753
14.607983438195998,120.89116713025892
14.60083835087852,120.78331203469253
14.600839232523205,120.7834048202025
14.58224312338545,120.61120266784519
14.579608886375064,120.60983944115195
14.579609835628224,120.60993220640465
14.578794833064542,120.60094183453819
14.578795785797453,120.6010345988443
14.578704488829947,120.60094281280766
14.578705441556702,120.601035577076
14.578464876087198,120.60400696824618
14.576770203989952,120.6061590959249
14.575565185965504,120.61201685947402
14.57283453925982,120.61891148178202
14.571505347078714,120.61261723389387
14.565808869715,120.61221472173537
14.559765968009149,120.816751918288
14.559675609931395,120.81675280738678
14.55959477531305,120.8177741705079
14.559595640861778,120.81786694091085
14.556757308704995,120.61064236100809
14.552018717762207,120.33112877971034
14.553310595437365,120.62709887250918
14.553220249277722,120.62709983835278
14.552948603290396,120.6092919001873
14.554384267593486,120.96144968722453
14.550884879024565,120.61070557768055
14.54824921776899,120.6180621874609
14.548158872165498,120.61806315662861
14.548067582535767,120.61797137316888
14.54797723693687,120.61797234236089
14.547886891337214,120.61797331154625
14.547961616569635,120.64320416701102
14.546246886361557,120.64340789256312
14.54886585869829,120.95045933475531
14.548672124154725,120.94897662229245
14.548672937088924,120.94906939603032
14.545615389163107,120.64350735679638
14.545525041869455,120.64350831543548
14.54806230996298,120.95158012389535
14.547881577821462,120.95158179092061
14.547611711534506,120.93117258968798
14.543024852737542,120.61079014648001
14.539098155945796,120.30726436087043
14.54235126080352,120.61562091509053
14.541702456554297,120.93744372240542
14.541703273675092,120.937536492559
14.536768815072868,120.64434326925495
14.536677534754942,120.64425147730782
14.53667846765662,120.6443442269458
14.53658718734398,120.6442524350297
14.536496839932266,120.64425339274497
14.53595475544606,120.64425913889792
14.53586440802904,120.64426009656698
14.535774060611264,120.64426105422943
14.535411738078896,120.64417213570853
14.534432932301979,120.61885962124651
14.534342586539625,120.61886058912954
14.535885594392415,120.80455568839626
14.535795236870529,120.80455658092869
14.53316903428375,120.61896591746668
14.533169976970958,120.61905866393849
14.534359004393602,120.88416723394909
14.534268642106046,120.8841680940368
14.531906238726192,120.81387167543262
14.531165191063474,120.8119308603089
14.531166057272815,120.81202361848074
14.531074833057511,120.81193174954296
14.531075699261242,120.81202450767717
14.52728792510226,120.64500026524799
14.527197577570272,120.64500122202013
14.52710723003752,120.64500217878566
14.52701688250402,120.64500313554457
14.528468205623446,120.7941465037279
14.526926534969753,120.64500409229692
14.526836187434732,120.64500504904265
14.526745839898954,120.64500600578177
14.52665549236243,120.64500696251429
14.52756680057544,120.75630807017764
14.526034323347766,120.75669457653956
14.52594396869259,120.75669548787458
14.525853614036663,120.7566963992033
14.525854501784536,120.75678915168068
14.5257641471221,120.75679006296552
14.525673792458912,120.7567909742441
14.525494858470088,120.75697830145512
14.524081545483869,120.63167765356785
14.525224682034658,120.75707378722275
14.525735048641446,120.81105664468612
14.525134327349697,120.7570746983508
14.525135214904987,120.75716745055247
14.523629812050855,120.63168246330181
14.522679268260864,120.64495630836343
14.522680200005926,120.64504905221271
14.522364021332365,120.63160318685308
14.521729720427222,120.63142443471823
14.521639373740681,120.6314253966185
14.522886993472863,120.75830324140186
14.522796638693569,120.75830415187775
14.522706283913525,120.75830506234736
14.522441427145159,120.75895705193861
14.522351072321847,120.75895796211992
14.52226071749779,120.75895887229498
14.518796510841671,120.61837778250398
14.518706164990942,120.6183787494957
14.518605454763108,120.61735957288764
14.51852641527752,120.61847342378827
14.521651870228556,120.94913315232621
14.518436069418406,120.61847439072244
14.51770953455737,120.61811116603133
14.5205804535068,120.9506273401723
14.51698550737926,120.64483107034127
14.516894228311031,120.64473928504911
14.519700286473489,120.95332575528556
14.516712601628006,120.64464845602659
14.517694807391013,120.77291863823423
14.517695688238515,120.77301138834297
14.517604451667209,120.77291954243944
14.517215022823768,120.76049381713959
14.517217679906233,120.76077206451802
14.517123782103305,120.76040197727941
14.517124667864941,120.76049472635545
14.517127324930161,120.76077297362116
14.517033427149471,120.76040288652658
14.517034312905357,120.76049563556502
14.516943072194891,120.76040379576746
14.516851831458554,120.76031195604504
14.516852717239557,120.76040470500205
14.517769610443288,120.95993008924366
14.513829858739848,120.64551371227438
14.513830789709777,120.64560645247482
14.513739511070986,120.64551466791312
14.516295479730932,120.95669671426357
14.514274494076231,120.80309931722535
14.51511828945441,120.9564292172793
14.514401811467115,120.91608247025357
14.514027786786478,120.93510291101722
14.513788391755716,120.94902007729873
14.513789202767876,120.94911283649134
14.513293170954821,120.95440510182344
14.513202804456865,120.9544059321136
14.513101969067046,120.96359077997957
14.513102774282611,120.96368353973303
14.511909473078491,120.920372956582
14.508946429772314,120.64510161656311
14.511573779266312,120.96453242198865
14.510599044074269,120.96676772031549
14.51021747452972,120.95406229644152
14.51027481009547,120.96064812862186
14.510275616320609,120.96074088702753
14.510185249441,120.96074171456749
14.509915761096295,120.960929713681
14.509070187121816,120.95722684776833
14.508108423094699,120.9609462614346
14.507685580173895,120.96428966560691
14.507595213074094,120.96429049155348
14.507087770772024,120.95789438037663
14.503371229411416,120.75859250157693
14.505244863677966,120.9642192076434
14.504273484770376,120.95643597006456
14.503651412968274,120.95764759308877
14.503652220018974,120.95774034856319
14.503653027033083,120.95783310404339
14.503238275080834,120.96210399524057
14.502966311261325,120.95162431530356
14.502642846483948,120.95598711504748
14.502578306351571,120.9589561043626
14.501550379513766,120.92418008081026
14.501648005449693,120.9559034793351
14.501141971537624,120.9291001779762
14.50102130789149,120.92566917111716
14.500884645971343,120.95127240643026
14.50055390547696,120.92391108409932
14.500850850088563,120.95776602513361
14.500028112852942,120.9257711761578
14.496862144310294,120.64745518729393
14.496770867214275,120.64736340775465
14.496771796384644,120.64745614098014
14.496679590093029,120.64727162829035
14.496680519293912,120.64736436147179
14.496589242177945,120.64727258203841
14.495952160440078,120.64681559378236
14.498205187225356,120.9549146929721
14.498051092788277,120.95797720251502
14.496445358651568,120.95001458084509
14.496446168323969,120.95010733287741
14.496462354091106,120.95196237472958
14.496406737234661,120.95595155114177
14.496283238864054,120.95214953943551
14.495974791501364,120.92729302739225
14.496192872363395,120.95215036962412
14.49622277417443,120.95558219935701
14.495533720745232,120.95948441694526
14.49510152438676,120.94102934638475
14.495220664425332,120.95466379758187
14.493944219645925,120.95337688739656
14.493945027854544,120.95346963858451
14.49343653380444,120.94698122993724
14.493053479840015,120.95486919634439
14.488329664140233,120.76375203655591
14.487778702940657,120.76283010202185
14.487687464526521,120.76273827139057
14.487688347611064,120.76283100836775
14.487597109201921,120.7627391777677
14.487504987620841,120.76255461035299
14.487505870766974,120.76264734724263
14.487414632306232,120.76255551679255
14.48741551544662,120.76264825364474
14.487322510611968,120.76237094961533
14.486958439615496,120.76209636566696
14.484839419614643,120.92507768827456
14.484677514195035,120.92721252107926
14.4805785830519,120.86306758305079
14.46262208010841,120.64800160065758
14.46135234010287,120.62056762549247
14.455330832462135,120.34480250866243
14.45533187812181,120.34489520314781
14.458000418291324,120.64665934224972
14.437418122829518,120.63955116921704
14.433768906010345,120.63606643061641
14.432487299999764,120.63441108187128
14.432488230233242,120.63450378756129
14.432394161533251,120.63413391948137
14.432395091869795,120.6342266251142
14.432396022169963,120.63431933075366
14.432396952433754,120.63441203639974
14.432302883617838,120.63404216852628
14.43230381398469,120.63413487411516
14.432304744315166,120.63422757971067
14.415053479100978,120.4526195675046
14.411182383751331,120.75673535439167
14.411092028214108,120.75673625819321
14.399610990145318,120.61779362851486
14.399516904369206,120.61742382374986
14.39951783918663,120.61751651466761
14.388157482445154,120.62894602619116
14.387269803877192,120.63053123630579
14.386347742792504,120.6286870395241
14.38634867236124,120.62877972576976
14.386349601893716,120.62887241202208
14.386257395250105,120.62868799317057
14.386258324812756,120.62878067937903
14.386259254339155,120.62887336559415
14.383536743054183,120.6276970638973
14.382666833822434,120.6220518950509
14.382667765757585,120.62214457933128
14.382571826499513,120.62158942999282
14.382580214187207,120.62242358812172
14.382481479395276,120.62159038623025
14.38248986702808,120.62242454402454
14.379763517330685,120.62986884111062
14.379673169660537,120.62986979382715
14.37967409834443,120.62996247740101
14.379675026992086,120.6300551609815
14.372696714661403,120.74822078295544
14.3616846487598,120.44664487416027
14.358570818867449,120.60701382703238
14.358571755156667,120.60710650036981
14.358478599869132,120.60682944087183
14.358387317171553,120.60673772811624
14.347010027725926,120.45987761986447
14.344776429654557,120.46221951799848
14.344427976008825,120.46342813428117
14.342472657849273,120.59661974895306
14.342382312093829,120.59662071241476
14.342028442389552,120.59736589297754
14.341860893353257,120.59866514110054
14.341770547457052,120.59866610369993
14.341149385004362,120.59978482936799
14.341155012474031,120.6003408235601
14.341155950259177,120.60043348928227
14.341059039028295,120.59978579146905
14.341059977024084,120.5998784571139
14.341069354994668,120.60080511393132
14.34107029259299,120.60089777964991
14.341071230155181,120.60099044537523
14.340979008950162,120.60080607561802
14.340979946542337,120.60089874129959
14.33471000641349,120.4841091845239
14.314512402367964,120.61952790971013
14.314422054882488,120.61952886205425
14.243979512440067,120.53411938706293
14.089496313040698,120.5538386227926
14.018709142202578,120.45363124678668
14.018710115393146,120.45372377136879
14.018618803816796,120.45363224354304
14.018619777000849,120.453724768089
14.012362769392416,120.41742886313428
14.012363755972839,120.41752138254039
14.012814406667935,120.51236334017617
14.012724064143214,120.51236431353053
13.997103983827184,120.5578730610715
13.934187956080898,120.59128426888803
13.915754502624281,120.55493719453179
13.915755430400669,120.55502968520135
13.915664156471534,120.55493814434499
13.91566508424166,120.5550306349787
13.915569587526209,120.75160735946844
13.915570440703064,120.75169986315369
13.840318192032079,120.33094947709489
13.840226853826076,120.33085806351944
13.840227861189973,120.33095050801607
13.840134508171541,120.33067420556901
13.838250652700042,120.33189762395195
13.840406026776803,120.82409942035358
13.83249159273395,120.60528051406857
13.832492496093836,120.60537297520824
13.832415692076802,120.60676081701033
13.8323244390114,120.606669279747
13.828436670381922,120.60643162403377
13.828437573048587,120.60652408365075
13.828346320134726,120.60643254778907
13.828347222795264,120.60652500737044
13.828348125421012,120.60661746695847
13.828255969886797,120.60643347153774
13.828256872541214,120.60652593108352
13.827897276673234,120.60671454469619
13.827806926403312,120.60671546830491
13.827807828922735,120.60680792769259
13.827717478645964,120.60680885125907
13.827094951567066,120.60783236660829
13.80313468669291,120.62490455679755
13.776812838731585,120.4769814020753
13.704976473939764,120.95559508785267
13.704886101323805,120.95559586959598
13.704794964380405,120.95550421833123
13.643468017590507,120.31479529263277
13.643469016896487,120.31488765879715
13.643377686509679,120.31479631446605
13.643378685808798,120.3148886805954
13.626124107838086,120.34861470316898
13.629289125651539,120.68328992950215
13.6229372029214,120.30431253178752
13.622846872473122,120.30431355600416
13.614825206807716,120.71197945234412
13.610943421787901,120.4609220374969
13.612632412250333,120.7192069981116
13.611318484040659,120.7237467178419
13.604080905530017,120.76271159817959
13.59851576258386,120.46493409137673
13.600240508568548,120.71793991293231
13.594345993844218,120.71568678231812
13.589287134027234,120.70603523823868
13.5895113110556,120.73051423186958
14.691943719151295,120.56870901342432
14.691776929766055,120.86381384686494
14.691686569893825,120.86381472504658
14.691337549355897,120.855369982301
14.688789040125105,120.8242952839531
14.68869781211479,120.82420335316253
14.688698682589763,120.82429617818308
14.688607454584277,120.82420424742443
14.688153055373618,120.82393024430279
14.683387898607354,120.875313910682
14.679494461689496,120.85483566241481
14.679495319389517,120.8549284854358
14.678456938524482,120.82105564474396
14.678006022528237,120.82115293951139
14.677915665098718,120.82115383434544
14.677734950237392,120.82115562399521
14.676942523932471,120.86228698430986
14.67439904529564,120.9004650821867
14.672152572913753,120.90187897255284
14.670654916104809,120.88620502593156
14.667744091244225,120.90405605333899
14.66482712579367,120.84207595197152
14.664827987751071,120.84216876802893
14.664828849671464,120.84226158409243
14.66482971155485,120.84235440016198
14.664830573401224,120.84244721623759
14.664831435210587,120.84254003231925
14.664735905016306,120.84198402137208
14.66473676700517,120.84207683738542
14.66473762895703,120.84216965340485
14.664738490871882,120.84226246943031
14.664739352749724,120.84235528546185
14.664645546232599,120.84198490681794
14.664646408215921,120.8420777227933
14.664059980815058,120.89638645634038
14.662821125179601,120.84014631143204
14.662730766490947,120.8401471975107
14.662427768662036,120.90577753266803
14.662337406103294,120.9057783918094
14.662086381042936,120.9080086207789
14.659806483371044,120.88575220493065
14.659807327607533,120.88584502152797
14.658028663998303,120.83982201298141
14.658029526464873,120.8399148260371
14.658030388894453,120.84000763909887
14.658031251287039,120.84010045216671
14.658332515265998,120.87277102708454
14.657939167752925,120.83991571190819
14.656989083010492,120.91399781124025
14.65689871993364,120.91399866667922
14.656057188095547,120.9008255901307
14.65542012087001,120.88041057670372
14.655420966991173,120.88050339113242
14.655421813075348,120.88059620556706
14.655422659122532,120.88068902000764
14.655329759737448,120.880411445813
14.655238845918133,120.91030141331059
14.654445954117419,120.83354538613912
14.655069905103998,120.90157758259794
14.655147648825983,120.9102094540594
14.655148483041508,120.91030227015783
14.654978705045037,120.90148562750278
14.654979542732116,120.90157844301032
14.654589591859859,120.89842616582004
14.653391032764567,120.83671161219162
14.653299810736138,120.83661968821451
14.653300674208488,120.83671249908251
14.653934215313269,120.91597602605529
14.653290098025431,120.8946328340174
14.653199736044112,120.89463369716653
14.652572624610626,120.8361627306969
14.652345565358925,120.91014319967478
14.651230802393028,120.91683699009438
14.65114043910761,120.91683784401893
14.649869361074769,120.85651649914183
14.648589940321695,120.83545928507962
14.648142465534741,120.83592776370489
14.648052106984984,120.83592865058503
14.648329529215744,120.90572586167134
14.648330364840376,120.90581867463335
14.647624549032443,120.88772545252125
14.647625391796677,120.88781826410948
14.647030515060578,120.83296854669042
14.647048569376155,120.90397444227058
14.646214695831754,120.83269811571515
14.646215560460048,120.83279092336019
14.646626837306766,120.90731997724951
14.646627672200793,120.90741278959008
14.646682693472965,120.9135384170501
14.646335700833218,120.90509505818278
14.646336536598296,120.90518787026835
14.645939023428532,120.93145985938015
14.645848659261262,120.93146070699322
14.641398022959514,120.82977539855771
14.641307664726863,120.82977628753034
14.641217306493465,120.82977717649685
14.640572184031184,120.83813676773313
14.640573046166152,120.83822957333994
14.64102519483264,120.89744163790138
14.640300245651465,120.83804661871908
14.640994806734309,120.91414913267359
14.640209886914025,120.83804750423583
14.639657386195303,120.83693915502613
14.639658248755007,120.83703196017463
14.639141662935483,120.83007603453399
14.63701665031287,120.82508508594215
14.633600746871553,120.84646527770258
14.633110028692395,120.85203875578834
14.633019669064058,120.85203963512541
14.63292930943496,120.85204051445643
14.631871460048158,120.92472342391034
14.629013746201533,120.8100362270707
14.628522154834362,120.81542394404782
14.628523025322462,120.81551674318575
14.627787345671296,120.93292939534018
14.627788169316096,120.93302220127583
14.627788992923977,120.93311500721728
14.627698628521392,120.93311585305625
14.622273248053249,120.60269728831487
14.625257523873152,120.92283653243393
14.625258351398074,120.92292933671193
14.625167987560545,120.92293018656382
14.62507762372226,120.92293103640989
14.625078451199606,120.92302384061789
14.624987259883234,120.92293188625015
14.624988087355245,120.92302469042023
14.624988914790348,120.92311749459614
14.624989742188543,120.9232102987779
14.624900205688716,120.92330395264828
14.62480901447624,120.92321199821346
14.624720305272625,120.92339845607606
14.623234520353869,120.90884112018311
14.621877592286447,120.89864490493233
14.620352894039343,120.90998210997164
14.620262530911148,120.90998296481916
14.620261849510658,120.92000640260657
14.615673163748708,120.92227698663542
14.615673990966512,120.92236978685607
14.615582799874588,120.92227783617226
14.615583627087064,120.92237063635504
14.615584454262649,120.92246343654365
14.597360183057106,120.60510144073602
14.584048429212611,120.93305977711798
14.579789576009768,120.60983749173151
14.579699231192794,120.60983846644508
14.578885177298373,120.60094085626201
14.578794833064542,120.60094183453819
14.57864461342195,120.60391224978584
14.578645564966303,120.6040050142316
14.578555220527129,120.60400599124225
14.571594744464202,120.61252349880179
14.553038000460427,120.60919817301756
14.554789711613202,120.8258002519425
14.554790573701842,120.82589302083494
14.55479143575376,120.82598578973345
14.553761996809726,120.79324593564283
14.54956404217875,120.62296454879308
14.54956498432115,120.62305730237654
14.549067991952262,120.61860998300101
14.549251752458948,120.97402244172211
14.549252555501223,120.97411521715405
14.549161385131196,120.9740232661798
14.549162188168271,120.97411604157405
14.549071017802705,120.9740240906318
14.54907182083458,120.97411686598838
14.53797650242198,120.87448438903235
14.537437699282323,120.87486063295215
14.537438540944871,120.8749533975996
14.53701112379347,120.8776478895599
14.53692076190901,120.87764875246087
14.536990401057627,120.8853482344959
14.53699123854314,120.88544099958897
14.53653997256263,120.87551862330756
14.536484915748735,120.87941559172017
14.536485755554265,120.8795083562451
14.534742829650867,120.876649060028
14.53366374549944,120.86728950029317
14.53357338419972,120.86729036719531
14.533233038447985,120.8696128972014
14.532729969762377,120.88390442491544
14.53255008299846,120.883998908251
14.532369358414511,120.88400062833377
14.532278996121422,120.88400148836627
14.53218863382758,120.88400234839283
14.531068508235217,120.8601711490642
14.530908106815586,120.86239915457084
14.529613519790326,120.86909096349899
14.527351850482328,120.85890816589007
14.52674967245961,120.95335367580607
14.522356507254402,120.95738322786012
14.521741424923656,120.94903955688393
14.521289070647379,120.95934120290201
14.52128987798744,120.95943396581984
14.521199511266298,120.95943479454597
14.520670008944384,120.95053374576011
14.520319239267272,120.9621331965994
14.520228872386193,120.96213402417203
14.519800366094339,120.95443806787318
14.519801175292365,120.95453082988581
14.519367943848996,120.95666850651455
14.519277577269515,120.9566693362487
14.519027195253372,120.948693498111
14.51911461773487,120.9587117577069
14.51785997721878,120.95992926092282
14.517390382374936,120.95789265454344
14.516046992826954,120.95929650101473
14.51387875794357,120.94901924478836
14.513844265682499,120.95542047505806
14.51336098725586,120.96219690298102
14.513361793036411,120.96228966276162
14.513192336085092,120.9635899534219
14.512246746648838,120.95877473702126
14.511726323378037,120.96128419977252
14.511727129430616,120.96137695881946
14.51172793544657,120.96146971787215
14.51166334154681,120.96443883670038
14.511572974469143,120.96443966282277
14.510688607424434,120.96667413626841
14.510472467101097,120.96259440274667
14.509700039915819,120.93625621691527
14.50967687500531,120.96464252683465
14.509677679619546,120.96473528522276
14.509678484197165,120.96482804361656
14.509159746257767,120.95713326113167
14.507775142585396,120.9641960820841
14.507775947272963,120.96428883965461
14.50586333732416,120.97302616865817
14.505772168591854,120.9729342337122
14.505681800990887,120.97293505603966
14.505590632236101,120.97284312120074
14.505500264638867,120.9728439435544
14.505334426208705,120.96412562525708
14.5053352307918,120.96421838180757
14.505409095861609,120.9727520088225
14.505318728268088,120.97275283120234
14.504363851451886,120.95643514113064
14.503327031434495,120.96191765748635
14.503138687270367,120.97147398123988
14.502759040025037,120.95895444873466
14.500208023293482,120.92567674176098
14.50011765833444,120.92567758291457
14.498890189186252,120.96093786574508
14.498712676937943,120.96131053377542
14.498231019757464,120.95788279340013
14.496625281686336,120.94992016659928
14.496626091405833,120.95001291870093
14.495877449261027,120.9574405578601
14.495623281740379,120.95939083753217
14.49417176908007,120.95875481099961
14.41106296035536,120.52765747594869
14.411063931133112,120.52775016544146
14.41086868467827,120.52636181687974
14.399989211212102,120.50562542856576
14.382757180955663,120.62205093898609
14.382668697656493,120.62223726361829
14.382669629519153,120.62232994791196
14.382670561345574,120.62242263221225
14.382579282366887,120.62233090385858
14.382580214187207,120.62242358812172
14.332364563860914,120.40064661375088
14.332365579028542,120.40073926168193
14.332274231607364,120.40064765495728
14.332275246768331,120.40074030285135
14.283869831193105,120.54721205006155
14.283870785984604,120.54730468863605
14.283779488316586,120.54721302913019
14.283780443101799,120.5473056676678
14.123362156321697,120.37239447502498
14.123270812955612,120.37230295087744
14.123271824538275,120.37239551155344
14.123181492754105,120.37239654807459
14.108022229932496,120.52762700774944
14.088048923713965,120.42361440461882
14.06618819151074,120.3242764715953
13.900522134386696,120.81613811563821
13.897872260352981,120.73364745160461
13.89787311927067,120.73373994711045
13.893003231094712,120.7348048454735
13.882017431665382,120.71955707297658
13.880523521179988,120.73381615264228
13.880433163093839,120.73381703068706
13.880162088831058,120.73381966478375
13.880071730742022,120.73382054280343
13.863770483868274,120.34418157568265
13.84994528902027,120.36902600562937
13.849854955453736,120.3690270225886
13.844694019092517,120.36797558812792
13.844695012771348,120.36806803717856
13.844604679236049,120.36806905410687
13.844514345700015,120.36807007102789
13.841388845498015,120.40536669489195
13.827274750164703,120.6077380610976
13.827275652264708,120.60783052034462
13.827184399822364,120.60773898426837
13.82718530191625,120.60783144347978
13.825832752399876,120.60812266578417
13.825833654262809,120.60821512448815
13.825834556090959,120.60830758319875
13.825741500129864,120.60803113004476
13.825742402021461,120.6081235887065
13.825743303878276,120.60821604737492
13.825744205700305,120.60830850604992
13.82565114975684,120.6080320529961
13.825652051642319,120.60812451162226
13.825652953493014,120.60821697025504
13.82466270599299,120.60859695453074
13.824571453936429,120.60850541895681
13.824572355574556,120.60859787718903
13.824296795868232,120.60813835456317
13.823758300192985,120.60851372290354
13.823667949773423,120.60851464553116
13.823668851350364,120.60860710340748
13.814432022153229,120.6158210891213
13.814432920389024,120.6159135438493
13.804658142209712,120.62359468251277
13.804659036897995,120.62368713391317
13.804659931551548,120.62377958532014
13.78156993259933,120.37894480814204
13.684365530006188,120.45764148574871
13.68427423989229,120.45755006364246
13.684275188878962,120.45764245627132
13.656789896990622,120.82634942505422
13.652320272433405,120.4517027724505
13.652321221424883,120.45179515220663
13.6138205740345,120.4244034705765
13.613382265048182,120.42570143782507
14.741052285639384,120.69694075850698
14.739500626950347,120.69537865697127
14.738925466430281,120.70114128059981
14.738064289004129,120.69632224294243
14.693862460872337,120.85478831981293
14.693403794834635,120.8540500989508
14.691427908730148,120.85536910067124
14.68817915582842,120.82671499017393
14.688088798142596,120.82671588337108
14.687456294320613,120.82672213558021
14.684253976225873,120.86138042685567
14.684163616439312,120.86138130556685
14.679359641451434,120.82095387450032
14.678638524513788,120.8211466755015
14.67845868076758,120.82124128576056
14.678368323336235,120.8212421805872
14.67818847952048,120.82133679062544
14.678098122081273,120.82133768539565
14.676541079481348,120.86776789423719
14.676449866861484,120.86767594732582
14.676450719257089,120.86776876984435
14.667744091244225,120.90405605333899
14.66617273077972,120.90017222437734
14.657766167804407,120.85049908021898
14.65542012087001,120.88041057670372
14.655420966991173,120.88050339113242
14.655421813075348,120.88059620556706
14.655329759737448,120.880411445813
14.653716791068929,120.88191210878728
14.6511029838008,120.9328965868426
14.647711539205119,120.88735334043989
14.64102519483264,120.89744163790138
14.639484430449858,120.83777617275132
14.636213699186943,120.88505027375183
14.630634025507488,120.88760967336643
14.630542821874155,120.88751773360157
14.630543663761019,120.8876105379951
14.62911638597698,120.88966605605877
14.628805275064684,120.86544530904143
14.628182543264241,120.93673106595845
14.628183365416533,120.9368238722835
14.627283063835613,120.88680643363276
14.625101759864815,120.87550450863358
14.622367562824744,120.8630945300072
14.622014245223085,120.87386365867974
14.622015092066645,120.87395645866759
14.62192473105501,120.87395732834682
14.61982590940395,120.89161098690998
14.619543904548864,120.8904071740922
14.619451889200949,120.92038526581135
14.619361525464985,120.92038611635094
14.619211436591005,120.9137052656567
14.619212267416577,120.91379806685494
14.618482598325675,120.88299272133182
14.618180999061055,120.91974756484542
14.61818182742434,120.91984036596916
14.608091490365368,120.85348840889034
14.605368817918658,120.90186433044505
14.603114549771897,120.93278893231094
14.603115372115283,120.93288172788269
14.603024185197235,120.9327897767931
14.603025007535313,120.932882572327
14.603030762869944,120.9335321412267
14.603031584913193,120.933624936807
14.603032406919583,120.93371773239312
14.603033228889121,120.93381052798502
14.603034050821801,120.93390332358271
14.603034872717629,120.9339961191862
14.602950260275012,120.93464653229253
14.602951081870703,120.93473932790457
14.598157087249024,120.60351550463659
14.598066742992847,120.60351648321237
14.597976398735913,120.60351746178145
14.597977351669961,120.60361023429572
14.597886054478222,120.60351844034379
14.597887007406118,120.60361121282025
14.591352674261746,120.60080578961117
14.586085967107628,120.61589291825489
14.58599562193881,120.61589389093884
14.578885177298373,120.60094085626201
14.57864461342195,120.60391224978584
14.578645564966303,120.6040050142316
14.581552960582812,120.95758089849332
14.575365561390047,120.60135005557711
14.575275217101899,120.60135103344
14.561771665257965,120.9587837817683
14.55959538094843,120.84709255128668
14.557679189848539,120.89470777259886
14.557680024788384,120.89480054689183
14.557680859691501,120.89489332119072
14.557838483939843,120.92263394605469
14.55774811959889,120.92263479193653
14.55507167496756,120.81726198562133
14.554981316822815,120.81726287421331
14.555690248506616,120.93517977944569
14.555599064611668,120.93508784427327
14.555599883429325,120.93518062009166
14.553710579197006,120.82636748346991
14.55371316449101,120.82664578891833
14.553620220492363,120.82636836827041
14.553622805769631,120.82664667360577
14.553529861786979,120.82636925306481
14.55353244704751,120.8266475582871
14.554262419919656,120.90670894327452
14.553442088324639,120.82664844296234
14.554172056471101,120.90670979541947
14.553351729601012,120.82664932763149
14.553261370876639,120.82665021229454
14.553171012151518,120.82665109695148
14.553080653425651,120.82665198160235
14.550771339660468,120.61729301823684
14.553498799831331,120.90216987672866
14.553408436640392,120.90217073067377
14.550499358574202,120.61720317360061
14.552537639399269,120.8265645213806
14.552538501054702,120.82665728937957
14.550409013044714,120.61720414327418
14.553558387335496,120.94967375110824
14.550318667514464,120.61720511294111
14.550228321983456,120.61720608260131
14.552088430536605,120.82684724799898
14.55199807179059,120.82684813250137
14.551906851500863,120.82675624925028
14.551907713043825,120.82684901699763
14.551815631184839,120.8266643660746
14.551816492758931,120.82675713377817
14.551817354296315,120.82684990148782
14.551726134016256,120.82675801829994
14.551726995548062,120.82685078597191
14.551636636799048,120.8268516704499
14.551545416528638,120.82675978732519
14.551453334643433,120.82657513672913
14.551455057783707,120.8267606718287
14.551455919298785,120.82685343938762
14.551365560547529,120.82685432384733
14.549008536650085,120.89525389398626
14.54900937088762,120.89534666468995
14.548918173827142,120.89525475046943
14.548919008059276,120.89534752113545
14.54882864523019,120.89534837757503
14.548738282400349,120.89534923400872
14.54864791956977,120.8953500904365
14.548557556738443,120.8953509468584
14.54846719390637,120.89535180327438
14.548376831073556,120.89535265968445
14.548016213876231,120.89544885556087
14.547925851034282,120.89544971190377
14.541002267444439,120.85942609639105
14.541003115420327,120.8595188615897
14.540911906666583,120.85942696694661
14.541393435552239,120.91276791661498
14.54082154588798,120.85942783749621
14.540731185108633,120.85942870803981
14.540732033068037,120.8595214731255
14.540640824328543,120.85942957857736
14.539513252036775,120.93514462462218
14.53933252163641,120.93514630398634
14.539062243914712,120.93524159190595
14.535767017950507,120.83062492765866
14.535676658851687,120.83062580959044
14.535586299752115,120.83062669151614
14.53255092076799,120.8840916714107
14.532551758500853,120.88418443457633
14.532459720706862,120.88399976829535
14.532460558470957,120.88409253141742
14.532461396198393,120.88418529454542
14.532370196173176,120.8840933914182
14.532191984598828,120.88437340046507
14.532100784650131,120.88428149734585
14.532101622282523,120.88437426033518
14.532010422338514,120.88428235724766
14.53201125996547,120.88437512019932
14.531919222367966,120.88419045423538
14.531828860060278,120.88419131416298
14.531830535329131,120.88437683990988
14.53174017300985,120.88437769975624
14.53174101058385,120.88447046260097
14.531648135442685,120.8841930340003
14.53164897308458,120.88428579679554
14.531649810689817,120.88437855959671
14.53165064825839,120.88447132240378
14.531558610769236,120.88428665666768
14.531559448369038,120.88437941943123
14.530282059397887,120.954248905418
14.530191693039358,120.95424973678607
14.52958217868842,120.89562342734476
14.52380956832375,120.63158779600563
14.523719221642473,120.63158875798335
14.52674967245961,120.95335367580607
14.521728783354583,120.63133169218
14.519027195253372,120.948693498111
14.517098269708036,120.9554833553847
14.516385038178786,120.95660312400278
14.516177615627987,120.95354368524347
14.515283660528963,120.95466511438767
14.515284469391242,120.95475787453182
14.515298214446325,120.95633479785923
14.515193294031565,120.95466594469116
14.515194102888591,120.95475870479773
14.51396912413068,120.94901841227222
14.51387875794357,120.94901924478836
14.5139160268425,120.95328617532171
14.513916836175357,120.95337893481602
14.513933823705823,120.95532688552082
14.513934632233006,120.95541964514123
14.513844265682499,120.95542047505806
14.513382728553522,120.95431151219569
14.513383537452041,120.95440427152757
14.510151290135179,120.63015643875465
14.51006000660558,120.63006466277538
14.510060943442937,120.63015740036869
14.509970596749943,120.6301583619761
14.509880250056192,120.63015932357688
14.509789903361677,120.630160285171
14.512063042736413,120.92751440052758
14.511515446246632,120.94746399876867
14.511516257749644,120.94755675692394
14.51142508012902,120.94746483176849
14.511425891626766,120.94755758988617
14.511046135320031,120.95581723336575
14.510398207531804,120.95406063593319
14.510307841031132,120.95406146619023
14.509159746257767,120.95713326113167
14.509160553811252,120.9572260188691
14.508198790001817,120.96094543410119
14.507502146832762,120.92273318031226
14.507775142585396,120.9641960820841
14.507775947272963,120.96428883965461
14.507358063804705,120.95779913780243
14.50720543373613,120.9506576954542
14.507236996833361,120.95427520504285
14.507267697068997,120.95779996636178
14.507268504256157,120.95789272335024
14.507146630296253,120.95427603502408
14.507177330332546,120.95780079491539
14.506413183740781,120.95307684156407
14.505979077292576,120.92423157793021
14.505979897671189,120.924324332417
14.506407946211457,120.97329950731303
14.506129135479613,120.95159523365339
14.506129945056147,120.95168798980707
14.506044873638682,120.97311728140987
14.505953704928846,120.97302534635692
14.50586333732416,120.97302616865817
14.505772168591854,120.9729342337122
14.505681800990887,120.97293505603966
14.505590632236101,120.97284312120074
14.505591433389181,120.97293587836143
14.505274785496214,120.95726165636783
14.50530543684197,120.96078639324041
14.505334426208705,120.96412562525708
14.5053352307918,120.96421838180757
14.505409095861609,120.9727520088225
14.50461270716025,120.94353881791139
14.504613519836559,120.94363157296377
14.50474226986175,120.95837969940577
14.504522341213029,120.94353965208921
14.504651096220941,120.95828777164613
14.504473374559009,120.94827099744158
14.504363043846903,120.95634238543585
14.504363851451886,120.95643514113064
14.50383214647725,120.95764593627187
14.503741779723136,120.95764676468316
14.503417398433179,120.96191683083134
14.50341820378482,120.96200958645605
14.503419009099865,120.9621023420865
14.503327031434495,120.96191765748635
14.503327836780908,120.96201041307351
14.503328642090729,120.96210316866639
14.503110583087581,120.94744868849115
14.503055868245768,120.95153072962599
14.503072834694423,120.96386800358027
14.503073639256673,120.96396075917463
14.503138687270367,120.97147398123988
14.50282277212165,120.9558927019768
14.502823579820436,120.95598545700445
14.50273240545902,120.95589353103873
14.502759040025037,120.95895444873466
14.501992502996043,120.95395231616837
14.501993311416006,120.95404507073772
14.501522876274763,120.95191587016232
14.501417128201142,120.95015437171038
14.501424415881184,120.95098915889604
14.501326761853125,120.95015520301463
14.501046907777473,120.9595267031551
14.500940409978167,120.95767244259517
14.500941216871619,120.95776519694297
14.500731412467973,120.95442770310824
14.500507794811359,120.94951340852234
14.500473238652582,120.95591425572552
14.500536923358279,120.96324184340038
14.500323821481375,120.94914405712153
14.500446556262697,120.96324266934694
14.498980556163659,120.96093703895686
14.498816736233781,120.95249730442087
14.498882132248989,120.96001032921639
14.498882938107338,120.96010308284353
14.498890189186252,120.96093786574508
14.498890994678773,120.96103061942934
14.49872636973283,120.95249813461997
14.498734456248972,120.95342566613625
14.49880304393776,120.96130970714883
14.498532986909916,120.9407193693163
14.498636003231141,120.95249896481332
14.498712676937943,120.96131053377542
14.498294745991844,120.95482111070211
14.498231019757464,120.95788279340013
14.4978089501034,120.9509296404166
14.497718583683664,120.9509304711908
14.497621740946325,120.95018928154389
14.497307174465092,120.95557225338213
14.496625281686336,120.94992016659928
14.496626091405833,120.95001291870093
14.496540582546384,120.9505702622812
14.496338160843223,120.93777136309077
14.496497103949128,120.95595072248074
14.4963727965015,120.9520559571201
14.496373605363985,120.95214870924116
14.496225196451105,120.95586045616567
14.495906398714885,120.95039057440258
14.495967816063834,120.95743972983401
14.495877449261027,120.9574405578601
14.495713648655437,120.9593900103115
14.495623281740379,120.95939083753217
14.495440800133247,120.94881795169744
14.495281442945583,120.94093492610202
14.495191077075173,120.94093576077488
14.495275452752091,120.95058189357441
14.495310223263989,120.95457021664436
14.495311031075953,120.95466296846979
14.494321036100928,120.9551358455364
14.494230669415922,120.9551366743978
14.494261329830412,120.95866123198076
14.49426213597031,120.95875398360766
14.494124144564449,120.95328247701896
14.49412495282014,120.95337522827624
14.494170962945411,120.9586620594102
14.49417176908007,120.95875481099961
14.494033777982963,120.95328330661953
14.494034586233406,120.95337605783925
14.493617266260097,120.9469795656952
14.49352690003264,120.9469803978191
14.493214351355872,120.93195654638694
14.493431091443835,120.95672090288947
14.493431898304516,120.95681365405845
14.49020802838508,120.63268702974382
14.493233405578954,120.95477478756598
14.493234213197052,120.95486753853965
14.49327374168899,120.95941234326301
14.493143038906055,120.95477561650875
14.493143846518906,120.9548683674449
14.48993792188078,120.63278263675375
14.48975629332119,120.63269182572749
14.489663142546334,120.63241459708202
14.489664077169461,120.63250732634951
14.489665011756065,120.6326000556236
14.489665946306141,120.63269278490435
14.489572795548751,120.63241555636469
14.489573730165805,120.6325082855947
14.489574664746328,120.63260101483131
14.4894833831614,120.63250924483324
14.489484317735858,120.63260197403238
14.489393036156237,120.63251020406518
14.48939397072462,120.63260293322683
14.489302689150314,120.63251116329047
14.489121060549527,120.63242035267861
14.489029778930275,120.63232858292305
14.489030713547411,120.6324213119215
14.488939431933485,120.63232954219681
14.488940366544544,120.63242227115776
14.48661849341418,120.93211046563879
14.439301535828001,120.62914685138934
14.431335178365408,120.75690450279039
14.431244822971543,120.75690540784217
14.431153585532277,120.75681359973238
14.431154467576926,120.75690631288765
14.431155349585186,120.75699902604919
14.431060583807671,120.75653636549276
14.430878108678511,120.75635274982095
14.429228941492811,120.60700235011102
14.430693868796569,120.75598370861724
14.430694751139907,120.75607642152937
14.429138595708366,120.60700331546533
14.42913953650021,120.60709601791635
14.417948829948767,120.62631347353864
14.407429519477143,120.50007357554439
14.37618543548433,120.54481771616392
14.369210847279303,120.50856220407228
14.36921182277273,120.50865487495734
14.348048552356339,120.54994378616283
14.34795820978088,120.54994476872291
14.34786786720467,120.54994575127611
14.347868825111114,120.5500384162853
14.34777848252787,120.55003939879462
14.347688139943871,120.55004038129707
14.345344978120082,120.55062190793035
14.345253677970623,120.55053022605038
14.345254635478067,120.55062289002566
14.296808707329726,120.37956240138037
14.294054614730927,120.4251751517151
14.294055617696607,120.42526778574349
14.293965283388385,120.42526881422056
14.29210534180096,120.42871784464182
14.283341884247461,120.42872479584639
14.28326255690872,120.42974475107819
14.271700508616314,120.40495697567792
14.265360045609777,120.32184817942573
14.264218895678706,120.43153563119319
14.256269346473985,120.38179142939391
14.241474862842363,120.3106457284791
14.240292269447083,120.30991881154424
14.224130144518586,120.36743649289319
14.224039813853137,120.3674375390949
14.222996107653149,120.30623406085991
14.220999534268458,120.30542425080465
14.219183032253971,120.3530465355462
14.204619370740813,120.48527557915438
14.204529031527608,120.48527657712793
14.199608828528486,120.388648667733
14.18995840311539,120.39014830352627
14.189959412474032,120.3902408925365
14.181320797358262,120.42682350293073
14.181230462088896,120.42682452234128
14.170682280201227,120.33786981008019
14.163792419609315,120.35202338231973
14.162627079833221,120.45296024805923
14.155491566022206,120.3448055076244
14.153202346705491,120.35020191485945
14.153112016767766,120.35020296243623
14.14147488065583,120.50356305387396
14.138100134233714,120.49184142090996
14.135858383458142,120.3340170757473
14.136854953567939,120.51111297651892
14.133748169011271,120.35561157343072
14.13289270515811,120.48634348361904
14.11845047869771,120.37763477266456
14.117776040139468,120.32460065612224
14.1108224246579,120.42419176099241
14.110732089047676,120.42419277616234
14.104850038262759,120.43175690535764
14.103459895587914,120.43695629778978
14.103341332815985,120.50305296341288
14.100387010719574,120.46244684244219
14.067393016014066,120.41829283487894
14.067214325007726,120.41847994630787
14.064781948118124,120.46172950871573
14.064782921335922,120.46182205237493
14.064691609505118,120.46173050570306
14.064692582716416,120.461823049326
14.054007322900123,120.35847367573386
14.053916991614647,120.35847471242325
14.048675752423039,120.3583497686594
14.038487414227939,120.47007073388613
14.037775845100658,120.49719419923295
14.038253211523074,120.58862719956214
14.030025488258486,120.47303237289216
14.02951075524434,120.44981043371898
14.026162614241866,120.45789829095007
14.012217132505452,120.362005876795
13.997225312011047,120.32128350085523
13.995133144703837,120.55955946358003
13.994735468689074,120.5292133710933
13.99504186760273,120.55946789463007
13.995042798826187,120.55956041722501
13.994952452947803,120.55956137086318
13.933387237904023,120.40776466617378
13.915029140124448,120.75179760697633
13.9150299931967,120.75189011045887
13.915030846233924,120.75198261394767
13.914938781168516,120.75179848030966
13.914939634235015,120.7518909837564
13.914849275272603,120.75189185704765
13.914387241754094,120.75078618504355
13.914296882856428,120.7507870587277
13.865684541650081,120.751348680213
13.858617281543614,120.53371194256285
13.859986173883861,120.82067986614717
13.84040852287344,120.33094844616633
13.840318192032079,120.33094947709489
13.831048700071051,120.60557268669855
13.830958349900001,120.60557361096662
13.830959253051331,120.60566607152082
13.830867999728229,120.60557453522803
13.830868902873428,120.60566699574663
13.830869805983834,120.60575945627187
13.831931043680765,120.7169941973499
13.830778552694804,120.60566791996582
13.830779455799084,120.60576038045544
13.830780358868564,120.6058528409517
13.830689105613608,120.6057613046324
13.829608515081958,120.60614223441178
13.829518164862554,120.6061431583601
13.829519067707093,120.6062356183844
13.829427814642429,120.60614408230177
13.829428717480843,120.60623654229049
13.829337464421572,120.60614500623682
13.821464134848396,120.76777201594625
13.814011670330348,120.68517468127324
13.809580665626513,120.70408162163211
13.807017915569087,120.69097657969465
13.803849259354417,120.69997682091157
13.802260479325302,120.83333094623919
13.802261294948815,120.83342341020042
13.795021316932246,120.74194880325258
13.794931807272574,120.74204212788968
13.763585654677529,120.42120110155822
13.765359901959622,120.978742273108
13.765269528480951,120.97874304954233
13.759527187231747,120.45664673119933
13.75869831127009,120.44639577434125
13.755546759464309,120.41278580663382
13.750941533471146,120.44768148888541
13.748435114353095,120.39807601065597
13.745521913756322,120.42176868460717
13.739652184979896,120.43070548001612
13.7357517637575,120.3106054333552
13.731297511892402,120.3751610562836
13.731267428641425,120.40649073230405
13.731177091494635,120.40649172586528
13.728259012619414,120.4125309196223
13.725471471381503,120.36256528357785
13.725661547256788,120.39749565855143
13.725665362730796,120.41505460806108
13.723352838628045,120.38421353444716
13.723194859121206,120.42071902309259
13.722367956779761,120.38505617006267
13.720983192961116,120.39080110279627
13.719440421751699,120.34775469552146
13.713847760702466,120.31510575393884
13.712857646627894,120.33211957545231
13.712918450015037,120.33775565556046
13.71094346253498,120.36420612723724
13.710372216912864,120.33621347280376
13.710620170378764,120.35931216938486
13.710992097888928,120.40292474248673
13.709863983433545,120.30600313365751
13.70965838841546,120.32032798590006
13.709428470197828,120.36616357467828
13.706461642921548,120.30881398656017
13.70754533565633,120.42754349094369
13.7066409014766,120.36739592973755
13.705659298704115,120.40270614983687
13.70451266282778,120.34579706923412
13.702238335334105,120.33593557727006
13.700974374096939,120.30268572531547
13.701010638785691,120.3060116855304
13.70071749276069,120.30398224443564
13.700594202091985,120.30925040929944
13.701212243670707,120.39222079315348
13.698519929367338,120.34299994049167
13.697589739064309,120.365833517688
13.697499404616133,120.36583452424303
13.70024689380238,120.69525828400829
13.700247755094507,120.69535069919668
13.69927448748357,120.69757834576913
13.692903114675934,120.40968412198222
13.689795479794359,120.37201868691173
13.689796461072927,120.37211107543047
13.688398214552254,120.4195280315028
13.687684176756761,120.42036743524757
13.686832153640733,120.34830545512257
13.684293235567152,120.69966492708247
13.684202878204198,120.69966580526128
13.651411575062326,120.78028580997619
13.650380034420536,120.69685233600018
13.60878434547376,120.75315108245623
13.590421641798159,120.73124462790052
14.697206854371943,120.5708785203368
14.695778887617305,120.57256510867701
14.69577985916895,120.57265792020559
14.69568951773008,120.57265891829874
14.69393219840488,120.56877983442482
14.692303138102082,120.56851939601275
14.692315783499051,120.56972592370775
14.692124401554867,120.56870701451733
14.692034060353462,120.56870801397424
14.691943719151295,120.56870901342432
14.691853377948357,120.56871001286758
14.69176303674465,120.56871101230401
14.691672695540177,120.56871201173361
14.665290283876582,120.8727038326906
14.665291133631543,120.87279665081037
14.665199073487338,120.87261188749639
14.66519992327385,120.87270470557216
14.659806483371044,120.88575220493065
14.657856527149411,120.85049819869711
14.657727805401858,120.91575449917129
14.65763494558531,120.91547690154223
14.65542012087001,120.88041057670372
14.655420966991173,120.88050339113242
14.655421813075348,120.88059620556706
14.65551028115908,120.92041670188515
14.655148483041508,120.91030227015783
14.654357955672957,120.92293383060382
14.653100574842927,120.80571310910815
14.653101450633807,120.80580591797634
14.653010218155462,120.8057140086829
14.653011093940709,120.80580681751313
14.652920737246871,120.80580771704373
14.653934215313269,120.91597602605529
14.653290098025431,120.8946328340174
14.651312290140902,120.82698609820693
14.651230802393028,120.91683699009438
14.649910051817193,120.80277475255676
14.650487256980007,120.87461033230112
14.65039689615025,120.87461120348122
14.649990183849146,120.84027207386728
14.647710696250625,120.88726052884336
14.647624549032443,120.88772545252125
14.647625391796677,120.88781826410948
14.646335700833218,120.90509505818278
14.643298024922759,120.81072978568965
14.643298898141266,120.81082259074641
14.641461175832013,120.80759237989145
14.641387067967392,120.877575347336
14.641295013872819,120.87739060012451
14.64102519483264,120.89744163790138
14.637548064305104,120.83361857998017
14.63745770581182,120.83361946713555
14.637458569567913,120.83371227115477
14.635454331683293,120.8909976820596
14.634283829990315,120.89147293853925
14.634284670511484,120.89156574474242
14.631081670871923,120.87721040059613
14.626427527071575,120.87224340478132
14.626337166195,120.87224427543525
14.619313675954759,120.84549093727132
14.618998792632633,120.84076094106953
14.603754619915264,120.81464800201367
14.591499761999117,120.88714841089283
14.591500601837728,120.88724119888303
14.579789576009768,120.60983749173151
14.578885177298373,120.60094085626201
14.578645564966303,120.6040050142316
14.57700223351552,120.60235285262597
14.576859598009682,120.60606535607096
14.575275217101899,120.60135103344
14.575125936125183,120.60441416463182
14.575034640480341,120.60432237826619
14.575035591631726,120.60441514122951
14.571594744464202,120.61252349880179
14.565839607679335,120.84805256506041
14.556846706227955,120.61054863243932
14.557651333796551,120.81287605070084
14.549640908673917,120.83577764978376
14.549550549372567,120.83577853049839
14.529821585780336,120.8920958824306
14.523811442492297,120.63177328285728
14.52674967245961,120.95335367580607
14.52457053683515,120.94187011027711
14.524571351264315,120.94196287354438
14.523067677720043,120.94568759486802
14.522960763005983,120.95413070102258
14.522961572497708,120.95422346433433
14.522356507254402,120.95738322786012
14.521741424923656,120.94903955688393
14.52128987798744,120.95943396581984
14.520670008944384,120.95053374576011
14.519800366094339,120.95443806787318
14.519026383789356,120.94860073676088
14.519027195253372,120.948693498111
14.516529345808527,120.85140575393379
14.517324026243752,120.95028625487983
14.516304366972719,120.95771708209944
14.516046992826954,120.95929650101473
14.515193294031565,120.95466594469116
14.515194102888591,120.95475870479773
14.514766518257627,120.95754565626362
14.51396912413068,120.94901841227222
14.513877135798852,120.9488337263452
14.51387794688952,120.94892648556389
14.51387875794357,120.94901924478836
14.513844265682499,120.95542047505806
14.513465313250954,120.94308600565161
14.513382728553522,120.95431151219569
14.510241636826663,120.63015547713394
14.51336098725586,120.96219690298102
14.513361793036411,120.96228966276162
14.513167989204707,120.95041728925627
14.513192336085092,120.9635899534219
14.512373601822901,120.94226119990108
14.5120365301844,120.9450472847691
14.51189334850013,120.95970564074183
14.511515446246632,120.94746399876867
14.511516257749644,120.94755675692394
14.51166334154681,120.96443883670038
14.51142508012902,120.94746483176849
14.511425891626766,120.94755758988617
14.511572974469143,120.96443966282277
14.510930256339563,120.92205185496256
14.510398207531804,120.95406063593319
14.510307841031132,120.95406146619023
14.50967687500531,120.96464252683465
14.509677679619546,120.96473528522276
14.509678484197165,120.96482804361656
14.509159746257767,120.95713326113167
14.507952328217808,120.92254345585746
14.507606944345268,120.93460587166658
14.507775142585396,120.9641960820841
14.507775947272963,120.96428883965461
14.5053352307918,120.96421838180757
14.50461270716025,120.94353881791139
14.504473374559009,120.94827099744158
14.503327031434495,120.96191765748635
14.503327836780908,120.96201041307351
14.503328642090729,120.96210316866639
14.503072834694423,120.96386800358027
14.503073639256673,120.96396075917463
14.502406265238301,120.92899566657259
14.50240708353781,120.92908841985336
14.502409538216797,120.92936667973048
14.502410356369944,120.92945943303447
14.502210799515709,120.92732778973966
14.501322701832262,120.92909849831398
14.500974202926365,120.95117882162116
14.500507794811359,120.94951340852234
14.500208023293482,120.92567674176098
14.50011765833444,120.92567758291457
14.500446556262697,120.96324266934694
14.499579002223793,120.94664637336615
14.498294745991844,120.95482111070211
14.498231019757464,120.95788279340013
14.497363804255187,120.93108322160401
14.496625281686336,120.94992016659928
14.496626091405833,120.95001291870093
14.4963727965015,120.9520559571201
14.495623281740379,120.95939083753217
14.494746564849812,120.94177469139412
14.49417176908007,120.95875481099961
14.493560146539908,120.96117213908279
14.493469779507626,120.96117296545319
14.492655953394799,120.9404026298171
14.484857426453196,120.9271180960058
14.45428577794835,120.60979421618576
14.45419543217045,120.60979518216136
14.407429519477143,120.50007357554439
14.408753473214166,120.76742164215547
14.407255120057796,120.76187380393381
14.363026155617877,120.48759268000947
14.363027138902712,120.48768534685783
14.363028122151361,120.48777801371324
14.363047779526747,120.48963135229475
14.362956458690265,120.48953969316601
14.362957441208893,120.48963236012462
14.305738921456298,120.47850223036322
14.081487260375296,120.35991649541525
14.081395915755174,120.35982499079137
14.081396929189228,120.35991753364782
14.077011187401737,120.40531950493963
14.077012183080686,120.40541204941026
14.039146064070655,120.40435833652869
13.864780193072423,120.34564955550063
13.864781196598102,120.34574201082168
13.86468383948096,120.34509585107418
13.864684843208998,120.34518830631544
13.864690864845194,120.3457430379173
13.832581942874288,120.60527958958092
13.832596392554223,120.6067589691812
13.83249159273395,120.60528051406857
13.832505139478023,120.60666743185995
13.83250604231588,120.60675989309908
13.832414789245073,120.60666835580678
13.832415692076802,120.60676081701033
13.8323244390114,120.606669279747
13.83158899458928,120.60538221936386
13.806872144564277,120.61894918692786
13.735958497549195,120.8368999353173
13.73586813207756,120.83690076436955
13.641667076132892,120.42622652149159
13.629365728054001,120.33915639962177
13.629306968676012,120.95292090284768
14.745863049806015,120.58398756140294
14.743076999582348,120.58541094993664
14.735948704345494,120.58632509300311
14.719150029055967,120.56970736662032
14.70636688560072,120.80053972709099
14.702642276156912,120.80800410894165
14.698549329170357,120.56965697263392
14.698280251235182,120.56984559595588
14.698281224036355,120.56993840835266
14.698282196800461,120.57003122075628
14.698189910004928,120.56984659538236
14.69819088279986,120.56993940774105
14.696488012737836,120.57125775843366
14.696488984858252,120.57135057017132
14.6964899569416,120.5714433819158
14.696397671398632,120.57125875715246
14.696398643512808,120.57135156885205
14.69639961558992,120.57144438055848
14.698180804324815,120.85270369721778
14.69403810239115,120.57026380408873
14.695382034135932,120.71125181882809
14.693751516019567,120.56878183352896
14.693757353066996,120.5693386960987
14.693769023159671,120.5704524219758
14.693487302063733,120.56943450435652
14.693196817819599,120.56758129892243
14.693219196141962,120.56971593281308
14.69276748983011,120.56972092834576
14.692677148565439,120.56972192743183
14.692696591293677,120.57157812918392
14.692605278125322,120.57148631738751
14.692393479288693,120.56851839645923
14.692303138102082,120.56851939601275
14.692315783499051,120.56972592370775
14.692124401554867,120.56870701451733
14.692034060353462,120.56870801397424
14.691943719151295,120.56870901342432
14.691853377948357,120.56871001286758
14.69176303674465,120.56871101230401
14.691776074919126,120.86372101812059
14.691412925686434,120.86353887379734
14.68784953504455,120.85930308208958
14.687623792871179,120.86422554503487
14.686800264362777,120.83387677323307
14.685761841886832,120.85830223075229
14.684163616439312,120.86138130556685
14.681436525488605,120.80162469010213
14.679585678829463,120.85492760436722
14.679494461689496,120.85483566241481
14.679495319389517,120.8549284854358
14.677753604582458,120.85225338039983
14.676934583824714,120.89106481259981
14.676449866861484,120.86767594732582
14.676450719257089,120.86776876984435
14.67492385481256,120.88857763796001
14.67439904529564,120.9004650821867
14.673590820080756,120.90102978026687
14.672152572913753,120.90187897255284
14.671360394984942,120.85472929815175
14.671361252263223,120.8548221177368
14.670654916104809,120.88620502593156
14.670851558479006,120.90792534689908
14.670807440704438,120.92315003305947
14.670334779011107,120.88082401642073
14.669239236579415,120.90951877694219
14.669148873856644,120.90951963496559
14.667744091244225,120.90405605333899
14.667342454405862,120.90962961539478
14.667252091661966,120.90963047325681
14.66632423116193,120.9069472514364
14.66617189190616,120.90007940423979
14.66617273077972,120.90017222437734
14.666243064006368,120.90796913696738
14.665802052550996,120.89915465150526
14.665290283876582,120.8727038326906
14.665291133631543,120.87279665081037
14.665199073487338,120.87261188749639
14.665275797761407,120.91094882982884
14.665207119325295,120.91336301854435
14.662036545202879,120.86280301810842
14.662337406103294,120.9057783918094
14.662080711460115,120.88740123998694
14.66208155516624,120.88749405764122
14.662082398835363,120.88758687530142
14.660963294951411,120.89372408644313
14.660872933082569,120.89372495043702
14.65883630704081,120.72555423597014
14.660384923329632,120.91981373311458
14.659898533228924,120.88593697101027
14.659806483371044,120.88575220493065
14.659807327607533,120.88584502152797
14.65980817180702,120.8859378381312
14.658927960857058,120.84909540928271
14.657856527149411,120.85049819869711
14.65758802353968,120.85077928383417
14.65749766417586,120.85078016522395
14.657777424273137,120.90118050078009
14.656989083010492,120.91399781124025
14.65614755041532,120.90082472934364
14.655864311593998,120.88950295736696
14.655865154112043,120.88959577252983
14.65609877180965,120.91549143356995
14.65542012087001,120.88041057670372
14.655420966991173,120.88050339113242
14.65551028115908,120.92041670188515
14.653406125103912,120.72468215401827
14.654303716800822,120.88682605011805
14.654190355903902,120.89425294319294
14.654357955672957,120.92293383060382
14.654148187208632,120.91968696195728
14.653934215313269,120.91597602605529
14.653290098025431,120.8946328340174
14.651230802393028,120.91683699009438
14.65114043910761,120.91683784401893
14.647898162123665,120.88800129071979
14.647806957786798,120.88790934457766
14.647807800487934,120.8880021562537
14.647350935699404,120.88744961500612
14.646427734980268,120.90527982399382
14.646335700833218,120.90509505818278
14.646336536598296,120.90518787026835
14.646337372326407,120.90528068235979
14.645990940674967,120.93730711996854
14.644885590691507,120.89462027074131
14.641295013872819,120.87739060012451
14.634283829990315,120.89147293853925
14.634284670511484,120.89156574474242
14.626368093654177,120.86574729760785
14.626277733160615,120.86574817091501
14.626278583477335,120.86584097220165
14.618728454470533,120.8604383525681
14.618638094232141,120.86043922756906
14.618547733993017,120.86044010256401
14.597382316896043,120.69705151102671
14.578885177298373,120.60094085626201
14.575275217101899,120.60135103344
14.565870339863341,120.72716008299672
14.565779987362088,120.7271610089673
14.565780889208062,120.72725377621516
14.556846706227955,120.61054863243932
14.551078814429834,120.7207249073117
14.54115219899358,120.70357243169369
14.54106184779479,120.70357336561166
14.534524220879078,120.61895140038614
14.534433875111365,120.61895236823821
14.53181007676918,120.6186094494818
14.53171973100315,120.61861041728412
14.523154774467642,120.62046443238519
14.513167375464768,120.63355604462
14.513076092888424,120.63346426598581
14.513077028572678,120.63355700506366
14.512985746001645,120.63346522646039
14.512986681679829,120.6335579655007
14.505681800990887,120.97293505603966
14.505590632236101,120.97284312120074
14.503072834694423,120.96386800358027
14.503138687270367,120.97147398123988
14.495623281740379,120.95939083753217
14.493829637269933,120.96098415676734
14.493272935862695,120.95931959200892
14.238863597380362,120.57270938793071
13.950889484107979,120.52681323102064
13.619925705564288,120.39468512629415
14.698180804324815,120.85270369721778
14.692297299652987,120.567962537466
14.692208904788496,120.56814915665319
14.692118563625328,120.5681501563453
14.68784953504455,120.85930308208958
14.679806200130878,120.8203924731078
14.679706254061202,120.81937233782712
14.679707125946434,120.81946515875481
14.679707997794612,120.81955797968864
14.679494461689496,120.85483566241481
14.679495319389517,120.8549284854358
14.678669215749641,120.85354407523717
14.676449866861484,120.86767594732582
14.676450719257089,120.86776876984435
14.675894915647001,120.86628886743682
14.675804555505113,120.86628974361078
14.675805408417974,120.86638256577308
14.673967845813372,120.88283130803238
14.671361252263223,120.8548221177368
14.67080709046449,120.85352793077581
14.670807948191044,120.85362075005429
14.670716731039622,120.8535288118682
14.662036545202879,120.86280301810842
14.659806483371044,120.88575220493065
14.657482212716417,120.84910952318583
14.657390994690935,120.84901759190224
14.65739185345123,120.84911040525344
14.655147648825983,120.9102094540594
14.654521028544785,120.9008402226082
14.653290098025431,120.8946328340174
14.653199736044112,120.89463369716653
14.64942925246901,120.88742970166794
14.649430095452631,120.88752251399775
14.648634534153773,120.88947935932521
14.64854417243731,120.88948022429906
14.648545014553354,120.88957303637964
14.643548112554551,120.8767191968197
14.641295013872819,120.87739060012451
14.64101631040564,120.87655793508301
14.641017157250246,120.87665074321873
14.62064210365372,120.85234564348639
14.62037187973786,120.85244107674563
14.619381343088229,120.85282192887213
14.619382198158648,120.85291472647555
14.619291838372009,120.85291560459298
14.614069764526782,120.85500802473118
14.603030762869944,120.9335321412267
14.603031584913193,120.933624936807
14.603032406919583,120.93371773239312
14.603033228889121,120.93381052798502
14.53128490703053,120.89403020279143
14.531285740759198,120.89412296602565
14.521454500802575,120.89625692175848
14.518025694733373,120.89684593129753
14.513253043508218,120.63309138847107
14.513162696647244,120.63309234910915
14.513072349785515,120.63309330974057
14.5129133555628,120.94197791354055
14.512914169310566,120.94207067195734
14.511515446246632,120.94746399876867
14.511516257749644,120.94755675692394
14.51142508012902,120.94746483176849
14.510563867939329,120.92149869052865
14.507606127938967,120.93451311589716
14.507606944345268,120.93460587166658
14.507516578931027,120.93460670964689
14.507370918261477,120.93859688429977
14.507371733041362,120.93868964021087
14.507280552617305,120.93859772064731
14.507281367391899,120.93869047652085
14.503847196185422,120.9284257035565
14.503756831096457,120.92842654381586
14.502491719772992,120.92843830683753
14.499541805864935,120.63537019973394
14.50220998053165,120.9272350366443
14.501321883596534,120.92900574548382
14.50120121820992,120.9255747361102
14.500733814931944,120.92381664802187
14.500208023293482,120.92567674176098
14.50011765833444,120.92567758291457
14.500058407832189,120.92920300777234
14.49392000428879,120.960983330299
14.493829637269933,120.96098415676734
14.48148051117593,120.86287344840015
13.916193660902637,120.60830635885924
13.67930982802201,120.46684350432648
13.983279741618984,120.57909452098815
14.428711443919179,120.38753739715223
14.426596406656959,120.40054088379517
13.95401318448348,120.43053534025705
13.953921862130892,120.43044383667635
13.953742150476605,120.430538343369
14.718526473220612,120.57918314126732
14.718436131520368,120.5791841382889
14.70007972484496,120.74805767172269
14.69691622880477,120.68375813620334
14.696917155946348,120.68385095571686
14.69691808305085,120.68394377523694
14.69682588007582,120.68375908871539
14.696826807211457,120.68385190819086
14.69682773431001,120.68394472767282
14.694629683327486,120.68099739323662
14.694630611432508,120.6810902116027
14.694539334758007,120.6809983467284
14.69211175102163,120.56750048878885
14.69211272436189,120.56759329841928
14.692114670931247,120.56777891770061
14.692021409901402,120.56750148874058
14.692022383235413,120.56759429833293
14.692024329792277,120.56777991753815
14.690907600730783,120.63453122508797
14.69191096689646,120.76299438832031
14.691381181249113,120.75492346657109
14.691382079588154,120.75501628836645
14.691290827981407,120.75492438946938
14.691291726314681,120.75501721122666
14.688734833227771,120.62527233832938
14.688460072423533,120.66945933726724
14.68846100476139,120.66955215226596
14.68769634855601,120.62092092961008
14.687697300252964,120.62101374103416
14.687606003841685,120.62092190730718
14.687606955532537,120.62101471869319
14.687514707404807,120.62083007365628
14.687515659126598,120.62092288499757
14.686779574586476,120.6196313523723
14.68678052674097,120.61972416332225
14.685947423062537,120.61778394485289
14.685948375902857,120.61787675532658
14.68576196932364,120.61732185068608
14.68527591481015,120.61398558402244
14.685276869126286,120.61407839395518
14.685770900793141,120.66261890113755
14.685184616187685,120.61389375451127
14.685185570534736,120.61398656439924
14.684294289484152,120.59766002392875
14.684295250263549,120.5977528323352
14.684199141862106,120.5971969691998
14.684200102820512,120.59728977753447
14.684204907057005,120.59775381930908
14.684106876676234,120.59701233982219
14.683396402078973,120.60695171285681
14.68330510121541,120.60685988737369
14.683306058254521,120.60695269599057
14.683308929149652,120.60723112188155
14.68330988604063,120.60732393052533
14.683639691104855,120.63952893398267
14.683549345137608,120.63952990375702
14.683550289134061,120.63962271468642
14.683305331431843,120.66004608664198
14.683306267212641,120.66013889884044
14.682664476961962,120.65921750869856
14.682481910216461,120.65903380836443
14.682390626805038,120.65894195831149
14.682391562970196,120.65903477005058
14.682115840120849,120.65857359701053
14.682116776416114,120.6586664086092
14.681749769327617,120.65811338723749
14.681016688832905,120.65710016139705
14.681017625648554,120.65719297243398
14.680923531049611,120.65682269081971
14.680924467970343,120.65691550179882
14.680833183934697,120.65682365330701
14.680649678772346,120.65654714570631
14.68001631205358,120.65646107306713
14.6799259649551,120.65646203564071
14.679656797587294,120.6566505441691
14.679566450473736,120.65665150664029
14.679116588606343,120.65684193931452
14.678400368031905,120.65749930751237
14.678039915782774,120.65759596542794
14.677949568595311,120.65759692740032
14.6779505050213,120.65768973717695
14.675789661069356,120.65845529277624
14.675043031129935,120.77551166625759
14.67309514594177,120.66006186708348
14.673096081080676,120.6601546749779
14.673004798556041,120.66006282770553
14.67300573368894,120.66015563556192
14.67291445116955,120.66006378832101
14.672915386296443,120.66015659613939
14.6728241037823,120.66006474892991
14.672825038903177,120.66015755671029
14.672733756394281,120.66006570953223
14.672734691509154,120.6601585172746
14.672643409005499,120.66006667012799
14.672644344114367,120.66015947783234
14.67237236683458,120.66006955187582
14.672373301925429,120.66016235946611
14.672282019442747,120.66007051244529
14.672282954527581,120.66016331999758
14.672191672050154,120.66007147300817
14.672102259729618,120.66016524104074
14.672103194765429,120.66025804852356
14.672011912329488,120.66016620155249
14.671920629867794,120.66007435465741
14.671830282472142,120.660075315194
14.671648652598773,120.65998442896789
14.671558305206851,120.65998538952277
14.670497500384668,120.66231708727696
14.670407152832698,120.66231804679617
14.671451532604122,120.7684933821901
14.670135176082656,120.66222811852333
14.670044828533632,120.66222907805428
14.669411461590595,120.66214298810667
14.669321114041479,120.6621439476231
14.667690187649518,120.66169718910227
14.667599840115926,120.66169814868393
14.656984520640352,120.66635859998915
14.65551028115908,120.92041670188515
14.653496476772066,120.72468122121403
14.654978705045037,120.90148562750278
14.654979542732116,120.90157844301032
14.653465094165329,120.92414895678431
14.653011618532833,120.92396758001145
14.652921254850446,120.92396843112236
14.652940303348347,120.92610320006017
14.650767522512773,120.89549232008204
14.650768362355446,120.89558513345868
14.649050759062543,120.90553336854836
14.648219857136553,120.92373423888483
14.647714910653404,120.88772458688531
14.647715753423055,120.8878173985115
14.647624549032443,120.88772545252125
14.646335700833218,120.90509505818278
14.645878681845932,120.92468449103383
14.64434911916609,120.9254414462218
14.644258755331867,120.92544229620356
14.64302425303921,120.92888823904445
14.641990555360687,120.92444261807105
14.641991383170213,120.92453542947673
14.638896654603222,120.92205846227114
14.631552965625874,120.92955279452931
14.62901946803967,120.92920529802744
14.629020293235671,120.92929810426155
14.629021118394748,120.92939091050145
14.623356104399917,120.87236580411886
14.62317538258408,120.87236754493877
14.623084174138642,120.8722756149987
14.611479571468802,120.61626878217466
14.612164388994339,120.9038415669605
14.610241724772749,120.90107565669288
14.601230711898772,120.69329986947281
14.601231629350266,120.69339264935647
14.60332323652695,120.91561844564231
14.582018837406055,120.87805247638502
14.57700223351552,120.60235285262597
14.57560902717733,120.60747047057023
14.575275217101899,120.60135103344
14.56110847418056,120.91434547766782
14.557956026509686,120.95649924267676
14.553788843726238,120.96572322507754
14.53551236642795,120.61838426901454
14.53189947974959,120.61851573576085
14.52128987798744,120.95943396581984
14.521199511266298,120.95943479454597
14.520722634044334,120.95656329729434
14.520319239267272,120.9621331965994
14.51336098725586,120.96219690298102
14.513192336085092,120.9635899534219
14.51172793544657,120.96146971787215
14.51166334154681,120.96443883670038
14.511572974469143,120.96443966282277
14.510321201247617,120.94524864504196
14.510472467101097,120.96259440274667
14.50967687500531,120.96464252683465
14.509677679619546,120.96473528522276
14.509678484197165,120.96482804361656
14.507775142585396,120.9641960820841
14.507775947272963,120.96428883965461
14.503756831096457,120.92842654381586
14.503383421714618,120.93733511911735
14.501931050867436,120.9366064759262
14.457920186696764,120.79632548662427
14.414222535828534,120.45899460658002
14.41468457872712,120.57153754842767
14.414594227760457,120.571538527131
14.410684532370961,120.46608017686437
14.411063247221401,120.60625089077428
14.411064187233816,120.60634359333474
14.40268614385699,120.52123566411487
14.3991646859425,120.5043100999108
14.39820743739933,120.53361456388853
14.397543472984026,120.49626318075326
14.395809022974248,120.52029190588313
14.395809995714938,120.52038459619207
14.395718675347538,120.52029290386176
14.39571964808187,120.5203855941335
14.395276848688631,120.50407522674598
14.394392956611165,120.50593904379586
14.371434440901211,120.49664681350231
14.363855842765288,120.5670817575987
14.353495796595753,120.46663230906043
14.349177827469617,120.61654939357967
14.342333661843755,120.38724434847916
14.339383688315497,120.63111168949003
14.33938461404636,120.63120436419962
14.339294258541695,120.63120531366992
14.339295184230348,120.63129798834909
14.339203903036278,120.63120626313363
14.339204828718856,120.63129893777572
14.33911447320662,120.63129988719572
14.33551381665027,120.39149345172005
14.337450010156434,120.65476651360306
14.337450926527367,120.65485918910242
14.337212411216925,120.6490225298352
14.337122054530866,120.64902347201867
14.33712297312408,120.64911614700017
14.337031697844063,120.64902441419558
14.337032616431248,120.64911708914
14.336808345459746,120.65384634071923
14.335643785107036,120.6548779850966
14.33564470132155,120.65497065986142
14.33564561749994,120.6550633346328
14.335646533642194,120.65515600941069
14.335331682001895,120.64162745136402
14.335332603370883,120.6417201251152
14.335333524703735,120.64181279887299
14.335242247146889,120.6417210700944
14.335243168473701,120.64181374381512
14.335244089764384,120.64190641754243
14.335245011018937,120.64199909127635
14.335156497164691,120.64218538355125
14.335066140908975,120.64218632833202
14.334121092608369,120.63802548369073
14.334122015307615,120.63811815670311
14.33403073661675,120.63802643006616
14.334031659309943,120.63811910304152
14.333762436554109,120.63830728776534
14.333764281651282,120.63849263353997
14.333765204145681,120.63858530643716
14.323967037669735,120.64378519291633
14.324068136186822,120.66315414020305
14.323605611884826,120.64378896636393
14.323515255436734,120.64378990970937
14.319564385267647,120.64633343293497
14.319565303810078,120.64642610052857
14.319115357464918,120.6466161453653
14.315703784178979,120.43916508459257
14.311538879007234,120.51491844146526
14.310008196126569,120.48111283107032
14.311746462209065,120.65077059943027
14.306274288337313,120.46984978312264
14.306013118370851,120.51358927058001
14.30601408779,120.51368192349058
14.30633419928878,120.65175359716325
14.306335114889047,120.65184625969384
14.305975517512389,120.65203534019845
14.303027528871981,120.49601637740702
14.298973640368283,120.4630748395631
14.299109258269212,120.56240555889073
14.295321127581527,120.4764583486962
14.295787147735805,120.5644799470698
14.292402203861862,120.46537228207755
14.289739842489894,120.42778513037163
14.285146417941167,120.42913444557192
14.282772776389978,120.48604882063472
14.274533379621237,120.44204007862531
14.274443036534223,120.44204109903662
14.25624215890703,120.45521599826002
14.23829154202508,120.51813058865937
14.236831923921228,120.57836080579153
14.236741571146792,120.57836176919619
14.23665121837161,120.57836273259413
14.226895979964832,120.56985166818737
14.207887957853327,120.47946843659656
14.207797611630646,120.47946943719543
14.205715580769072,120.55748087491102
14.189422588620392,120.46781828973643
14.189655999849695,120.51597527552723
14.189565650959137,120.51597626032441
14.18945809913267,120.56710233494192
14.189367746758464,120.56710329946775
14.17969308338503,120.5399779230058
14.17772908133148,120.53351623083483
14.16156844417623,120.48266598211772
14.161143852979274,120.55518010327897
14.157791399227522,120.55428993245359
14.148633776993293,120.55123948720421
14.124832694155863,120.46066431546316
14.1247423486275,120.46066531738514
14.12058711752668,120.55672467244361
14.115213363003097,120.3397709185518
14.091175670681341,120.60638323692336
14.091176590229143,120.60647580895272
14.087722176703117,120.47172100370675
14.05092772128248,120.49591294071391
14.050928680555142,120.49600548887099
14.04920105280636,120.38412608445456
14.049110712178528,120.38412711080244
14.049111714119794,120.38421965010895
14.042229796554004,120.38281704450313
14.03696169267146,120.44784545080776
13.836037389197983,120.36516818116723
13.830383535806996,120.36033136710739
13.825344118369795,120.37906517156378
13.822311410817194,120.37429121937089
13.812559602881802,120.4346828108493
13.812469256876081,120.43468379974588
13.809696535418428,120.43739543986673
13.80960522399929,120.4373039795847
13.809606189199025,120.43739642750548
13.808864109873285,120.43555537697863
13.808865075680409,120.43564782448023
13.760815273716663,120.38597885068413
13.758942586744878,120.38831053531081
13.758580234336083,120.38822212181125
13.75788393923817,120.39072559297824
13.752887639829423,120.38819285613944
13.730753556361632,120.38843820021475
13.729631267532847,120.38484610707495
13.72370622572877,120.39701902143382
13.723615881769712,120.39702001813276
13.723272970423633,120.38168186417724
13.72263456976767,120.4677350927522
13.722635517628989,120.46782750871242
13.713179214132742,120.37560191483972
13.717773270800942,120.97962439126573
13.707837108261346,120.3660502174838
13.703480585126714,120.38975645798274
13.702294408522565,120.388660603346
13.702204065011232,120.38866160162262
13.700479438037856,120.97598195487265
13.698060551678804,120.96759012771761
13.697816337261939,120.98192127539025
13.69742180915799,120.96685605804362
13.69705876660293,120.96667428976453
13.696968385861512,120.9666750668705
13.69342189755991,120.83627281037339
13.684558213413974,120.36058046970487
13.610723375965627,120.35050131251127
13.610409032102071,120.34644033676071
13.609684868895403,120.33785765362686
13.609688273693637,120.34663312138787
13.609597932575227,120.34663412860127
13.607132707369376,120.31894997565679
13.607076851156839,120.33899529345044
13.60544874523969,120.33882874903247
13.602731613945501,120.33821252299748
13.602596788228347,120.3340573542678
13.59134606021674,120.3465603677049
13.590296282488854,120.49833837779043
13.590205930396678,120.49833932604898
13.590206857953522,120.49843169263369
13.58805997814402,120.89156191434331
14.776704951269595,120.5698111269319
14.770571560441962,120.570807882686
14.770481219709627,120.57080888685256
14.77048219679,120.5709017298871
14.749856207986694,120.5943422633751
14.729337249370701,120.65509904220457
14.720510555381125,120.64897332804173
14.717169934657953,120.56183867597456
14.70536090783508,120.57301616158091
14.705167811544563,120.7048371267169
14.696302284823252,120.81605128353029
14.694796171504512,120.80966059620222
14.695399048801747,120.87445510954682
14.688173980324166,120.64115106948194
14.688084577918696,120.64124485185415
14.685071085442681,120.71024526841276
14.685370831809234,120.81634555487277
14.658090813683543,120.67757715601047
14.658091740899145,120.67766995874607
14.658092668077776,120.6777627614882
14.657147144302552,120.59368716988148
14.657148104932064,120.5937799665766
14.65350654874624,120.66194056276125
14.648261470371315,120.79091085534805
14.649050982635895,120.93588615264451
14.647535872891385,120.88791194125773
14.64624784535758,120.90537435277922
14.645878681845932,120.92468449103383
14.645879509773742,120.92477730408923
14.64500813017249,120.92840550619165
14.644259582868058,120.92553510862227
14.643585042543219,120.87087135632439
14.64358589180023,120.87096416519638
14.643185970511203,120.92675186354526
14.643186797466036,120.92684467559002
14.643187624383918,120.92693748764059
14.642038507224948,120.92982568922766
14.641677876450036,120.92992189297007
14.640365662325028,120.92464354309008
14.634883797485227,120.84840181334191
14.63481367234839,120.94056739722839
14.634814493336036,120.94066020656501
14.633893598121455,120.93871965116884
14.627602217458499,120.90211728860449
14.627370376562123,120.90648165464995
14.627371210717715,120.90657445884517
14.627244946047309,120.90258474206114
14.627168785200684,120.90416326698544
14.627169620268411,120.90425607095784
14.626983048606736,120.9036081590114
14.626707783617315,120.90314671392294
14.626186481800472,120.90547195105523
14.623150206464565,120.61772036918988
14.623059861461304,120.61772134370786
14.625456067506548,120.90464357753207
14.62545690228747,120.90473638081365
14.625629302905004,120.9341561614811
14.625535645928043,120.93378578656856
14.62553646910793,120.93387859160866
14.622322784204654,120.6429694436181
14.622232437537699,120.64297040775624
14.622233376313657,120.64306319311228
14.61942987606743,120.63390650738195
14.621657893551172,120.91442464347074
14.621746566505688,120.92435451931274
14.62153819949023,120.93141009428943
14.621539023396158,120.93150289751098
14.621539847265183,120.93159570073834
14.621540671097307,120.93168850397147
14.621541494892528,120.93178130721044
14.620246716383429,120.9284522569355
14.62024754139577,120.92854505944058
14.620156352189783,120.9284531042253
14.620157177196806,120.92854590669249
14.620061862433403,120.92798993945006
14.620062687619598,120.92808274185026
14.619083648143084,120.90953007276171
14.618987456672539,120.90888132187018
14.618988289405896,120.90897412268775
14.618993285031248,120.90953092771655
14.618897093597534,120.90888217708435
14.618897926325516,120.90897497786403
14.61774355771028,120.871306181552
14.617653196821799,120.87130705204919
14.616815411878948,120.9085306458148
14.616725048807462,120.9085315010396
14.616470713522732,120.92050613098013
14.613780496143683,120.91273566284423
14.613408237880307,120.91153269340164
14.613304567793156,120.91004877046046
14.613317874608677,120.91153354719152
14.613083864842444,120.90559616169179
14.611071219749375,120.92306269205584
14.609536685497787,120.92326271857372
14.60944632151952,120.9232635673354
14.609447148000543,120.92335636500142
14.608075153131393,120.92151315430398
14.607984789242526,120.92151400369166
14.60801619298006,120.92504029187143
14.608017018675314,120.92513308904243
14.607362164272251,120.92263350984118
14.607183089528458,120.92282080097226
14.607183916060501,120.92291359766271
14.60709272555743,120.92282164977165
14.606897114020665,120.92115300996596
14.60701420447985,120.93433016726533
14.606447775975143,120.92143564608931
14.605893183004412,120.92004880152916
14.604212643721008,120.92414794498444
14.604213469561076,120.92424074050749
14.60277528123144,120.93529778859033
14.602684916510581,120.93529863202755
14.602685737832395,120.93539142756663
14.602419570710973,120.935950730405
14.599479004161081,120.92029471320743
14.59774885306364,120.91882616943393
14.596146322854798,120.81277447825451
14.595807956605775,120.92413399924106
14.595720893754086,120.92450601469298
14.587225938891105,120.62135461781726
14.58713559337081,120.62135558835337
14.573711560754262,120.81021248690755
14.573712430123704,120.810305262743
14.571504399406331,120.61252447184927
14.573431384707794,120.92814811150214
14.573432207259684,120.92824089436787
14.572966396605839,120.926667812308
14.572967219719526,120.92676059489193
14.570719327334505,120.80912864659173
14.570232064595455,120.94450898491175
14.570232880479423,120.94460176739943
14.566797785934037,120.85398142592223
14.566798637539494,120.85407420156471
14.566707425678073,120.85398230030745
14.564891191386293,120.80436163915361
14.564735762934994,120.9361162618961
14.564736581846981,120.93620904159361
14.564645397873837,120.93611710270612
14.564646216780526,120.9362098823659
14.562444574868113,120.80364362181629
14.56235334625758,120.80355174575215
14.56235421760614,120.8036445164225
14.563458365033839,120.93473634586498
14.562082274484075,120.80355442964691
14.563133740232937,120.93891476865844
14.561936256951507,120.89578078891498
14.561937091704435,120.89587356505137
14.560365486428314,120.80357142635975
14.560275129154718,120.80357232086199
14.560596668045617,120.89755638109308
14.558048402497098,120.80702713335154
14.558049272216268,120.80711990243967
14.558050141898716,120.80721267153393
14.557507996810712,120.80721802867248
14.55750886642267,120.80731079754669
14.557509735997899,120.80740356642707
14.557417639293423,120.80721892150738
14.557418508899746,120.80731169034392
14.55669651821396,120.80741160104128
14.55669738770182,120.80750436958851
14.55266726606578,120.88009611271572
14.552576904157958,120.88009697559073
14.55100573025537,120.80765336174916
14.550915372661578,120.80765425399068
14.550846730271992,120.80997430081413
14.55075637253609,120.80997519210135
14.55057218423833,120.80960591011741
14.550673521693541,120.8204595884388
14.550480958230597,120.80951403545497
14.550481826522665,120.80960680153694
14.550390600519805,120.80951492690603
14.550300242808271,120.80951581835093
14.550209016784077,120.8094239438269
14.550775701189753,120.89078374007241
14.550685338641326,120.89078459848264
14.550686174743717,120.89087736961879
14.549854531237566,120.81016963633974
14.549765041472357,120.81026329330756
14.549674683710597,120.81026418440804
14.550300295905323,120.89821058492949
14.549224630693367,120.8104541710318
14.548776017255953,120.88950383952559
14.548776853758554,120.88959660978753
14.548685654766931,120.88950469833325
14.54868649126412,120.88959746855753
14.543116144455261,120.61088192477922
14.543025799286738,120.61088289650878
14.54421946589176,120.82608929622526
14.543669669255353,120.88444968439259
14.543295182559323,120.86311498083639
14.542111503738983,120.81321465925564
14.542606975295483,120.8669253483979
14.54251576895734,120.86683344972447
14.54251661408607,120.86692621600493
14.540346368427802,120.88670791674318
14.540347205563858,120.88680068331828
14.540426566205175,120.89561353493161
14.539958206909438,120.85396256051924
14.539959056989076,120.8540553249492
14.539959907032033,120.85414808938519
14.540256006037476,120.88670877616795
14.540256843168114,120.88680154270541
14.540155477473073,120.89561610234274
14.539731225645706,120.8786424235324
14.537395558132442,120.81140568459729
14.537305200206223,120.81140657444273
14.534433875111365,120.61895236823821
14.535490239914779,120.81058953081298
14.535308657113642,120.81049855110675
14.535362342873839,120.81624967097001
14.535363207618257,120.81634243116078
14.535364072326002,120.81643519135768
14.535218299226383,120.81049944118747
14.535127941338382,120.81050033126203
14.535128808344778,120.81059309099754
14.535037583449633,120.81050122133048
14.534585793994628,120.81050567158059
14.534495436101377,120.8105065616122
14.534496303068437,120.81059932108427
14.534497169998836,120.81069208056246
14.534760865831354,120.84891037909462
14.534694802908675,120.86143503588
14.534881897722258,120.88202849948219
14.534604441963236,120.86143590522514
14.531720673739148,120.6187031631275
14.533417208851562,120.81116655478512
14.533326850909248,120.81116744447354
14.533623535251749,120.88278266084855
14.532786436410385,120.81135830008141
14.527483460408968,120.8436930653458
14.527484313838587,120.84378582394449
14.527485167231559,120.84387858254921
14.525602960703273,120.84556661950288
14.524687336131747,120.8053156007326
14.524596978477561,120.80531649223882
14.524597846920416,120.80540924726022
14.524507489259845,120.80541013872268
14.523706423845944,120.80671672728907
14.523244218540142,120.80560812748439
14.523532176301794,120.83658846279346
14.52353303231446,120.83668121930879
14.523533888290483,120.83677397583016
14.523534744229877,120.83686673235762
14.523535600132634,120.83695948889113
14.52273177591184,120.83798771448751
14.522732631325027,120.83808047075533
14.522640560826819,120.83789583638061
14.522641416271084,120.83798859260476
14.523267095794294,120.94781947508541
14.522961572497708,120.95422346433433
14.521187962399422,120.83716784127164
14.522266948824644,120.95747682069374
14.520762849134663,120.80118003141276
14.520409246567892,120.80201838046524
14.520318889081437,120.8020192730357
14.520218094845795,120.80090713013875
14.520218964776264,120.80099988305996
14.521199511266298,120.95943479454597
14.519675080379862,120.80081973541215
14.519584722960769,120.80082062842199
14.519131195945468,120.80063958846928
14.519288064420538,120.81742788235981
14.519288927764562,120.81752063592273
14.519040838533169,120.80064048151733
14.519197705990521,120.81742876860422
14.518950481120124,120.8006413745592
14.518951351081448,120.80073412693568
14.519103893862255,120.81705864095277
14.519104757341564,120.81715139441603
14.519123744620895,120.81919197215504
14.519124607257883,120.81928472575892
14.518765079001154,120.79053229966007
14.518765952948375,120.79062505132565
14.518860123706325,120.80064226759491
14.518860993662008,120.80073501993381
14.519013535453146,120.81705952733529
14.518769766291783,120.80064316062446
14.518475647611826,120.78858720984226
14.518385290930786,120.78858810773947
14.518508261293706,120.801666114089
14.518320588863423,120.80092588203836
14.518229361584524,120.80083402283007
14.518230231427456,120.8009267749182
14.518395699974485,120.818642536437
14.518305341464194,120.81864342213161
14.518182169389227,120.81511969108134
14.51818303358154,120.8152124440402
14.517780079119314,120.78191542779805
14.518090946867027,120.81502782527687
14.518091811090347,120.81512057819202
14.518092675277053,120.81521333111331
14.517796701886722,120.80287903055175
14.517797570895848,120.80297178258745
14.517554580229495,120.78674116889883
14.51755545560426,120.78683391982175
14.517654188033447,120.80696190673636
14.517655055420128,120.80705465896752
14.519024251037854,120.9587125865966
14.51726063858012,120.80353364558142
14.517170280977249,120.80353453733497
14.517171149690594,120.80362728915067
14.517172018367319,120.80372004097254
14.517172887007435,120.80381279280053
14.517082529386906,120.80381368443517
14.517083397984765,120.80390643623174
14.5173460779869,120.84193606452021
14.516844406472499,120.79769386769189
14.516845277475683,120.79778661900657
14.516875128497517,120.82032714064503
14.516784769873794,120.82032802555923
14.516638505699042,120.82403990512204
14.516386576506118,120.80669611652476
14.517769610443288,120.95993008924366
14.516292748689695,120.80632600040454
14.516179821681957,120.80391535186395
14.516089464047555,120.80391624339333
14.516090332546808,120.80400899478266
14.516685209079608,120.95994002864758
14.516574659191678,120.9576218338336
14.516484292536788,120.95762266301428
14.516485100295203,120.95771542383044
14.516503668629289,120.95984892418143
14.516214808016425,120.95781067193447
14.515957433140976,120.95939009017795
14.515733875117917,120.95447544213714
14.514165166812868,120.83018627077381
14.51416602481646,120.8302790229923
14.515332934103704,120.96032349366088
14.515194102888591,120.95475870479773
14.515242567286526,120.96032432167124
14.515103736385203,120.95475953505792
14.513844265682499,120.95542047505806
14.512500916417492,120.82612106136399
14.512409697865728,120.82602919241879
14.512410557410792,120.8261219436495
14.513371400129142,120.95301288215184
14.5132528839957,120.9601570172129
14.512025691926018,120.83336095507632
14.512026548551395,120.83345370659958
14.513162517171947,120.96015784516696
14.511935332480421,120.83336183439481
14.511936189100238,120.8334545858805
14.512774889752707,120.94680302555852
14.512775701585797,120.94689578419967
14.512684523682358,120.94680385890193
14.512685335510177,120.9468966175055
14.51139060581215,120.83308885643372
14.511300246378006,120.83308973582238
14.51180298169144,120.9597064687981
14.511803788371727,120.95979922778548
14.510397508630593,120.83319128020413
14.511325802690202,120.93614838464467
14.511330697928667,120.93670492921576
14.510307149182673,120.83319215948845
14.511234621220378,120.93605646485274
14.5112354372163,120.93614922222345
14.51114425575104,120.93605730246331
14.511145071741666,120.93615005979642
14.510335861602151,120.93662138275434
14.51041400409323,120.9455260839252
14.51021747452972,120.95406229644152
14.509046399042893,120.83366822024948
14.50832866030348,120.83423175222195
14.508329516371532,120.83432450225965
14.508239156839739,120.83432538095363
14.509070187121816,120.95722684776833
14.50866518406454,120.93162761927556
14.508666001669232,120.93172037531626
14.508057954972498,120.93450892572095
14.507913926922571,120.9386846222297
14.507779509355323,120.93367663750361
14.507822746471218,120.93859270247539
14.507823561277554,120.93868545857433
14.5067411228791,120.82868173699349
14.506801106344925,120.8351741840979
14.507680974572114,120.9327499186409
14.507681791679179,120.93284267433785
14.507689143995593,120.93367747587118
14.507732380830753,120.9385935388518
14.507733195631799,120.9386862949132
14.506650763674072,120.8286826178752
14.507516578931027,120.93460670964689
14.507458839329765,120.9383177801351
14.507459654224746,120.93841053606644
14.507368473702206,120.93831861660114
14.507369288591901,120.9384113724949
14.507278108073903,120.9383194530614
14.507278922958307,120.9384122089176
14.507237805411474,120.95436796181367
14.507115877404358,120.95075128341014
14.507147438869113,120.95436879175733
14.507177330332546,120.95780079491539
14.507178137514458,120.95789355186628
14.50558258088129,120.79168342292674
14.5070562637584,120.9542768649996
14.507086963595352,120.95780162346328
14.507087770772024,120.95789438037663
14.506458297373968,120.93758493700685
14.504944845246156,120.79113321767818
14.504945718143007,120.79122596362706
14.504854488305343,120.79113411366978
14.504855361196524,120.79122685958114
14.505186607307476,120.83648847524712
14.505187462302906,120.8365812241159
14.505096247621795,120.83648935286506
14.50328085774139,120.82584003339984
14.503190498680832,120.82584091521429
14.504273484770376,120.95643597006456
14.503651412968274,120.95764759308877
14.503652220018974,120.95774034856319
14.503653027033083,120.95783310404339
14.503157806472782,120.93223532562689
14.503158623534121,120.932328079411
14.503056677680155,120.95162348449686
14.50266867318868,120.95895527655149
14.501728648522958,120.92390013899707
14.501729468797542,120.92399289169546
14.501638283677723,120.92390098096293
14.501639103946976,120.92399373362373
14.50143331902097,120.95200945497666
14.501111672843113,120.92566832990546
14.500850850088563,120.95776602513361
14.500118477818054,120.92577033504755
14.497931533679049,120.8142053169081
14.498756112718103,120.96631923807284
14.48492978465641,120.92507684780294
14.479647486423044,120.7916620600165
14.478836014153732,120.79185557737723
14.478565813655125,120.791950994435
14.478474585408266,120.79185915340553
14.478475456461977,120.79195188839533
14.477933313287375,120.79195725202743
14.477663112656197,120.79205266841878
14.47757275544991,120.7920535622798
14.47757362637394,120.79214629690728
14.476743538410279,120.82915932869844
14.47674439465664,120.82925206529117
14.47674525086649,120.82934480188999
14.476653178946453,120.82916020748613
14.47665403518725,120.82925294404141
14.476654891391524,120.82934568060274
14.476140098715284,120.79345887428487
14.476049741411352,120.79345976747882
14.475802321976087,120.81534960357187
14.475512818501354,120.7940215297565
14.47571196333814,120.81535048788732
14.475415499672373,120.79328055203999
14.47541636998587,120.79337328584866
14.475425071113076,120.79430062427528
14.47532514237378,120.79328144525942
14.475332973830138,120.79411604942283
14.475333843809427,120.79420878324964
14.475334713752215,120.79430151708264
14.475251314573441,120.79504428047049
14.475252184182024,120.79513701432158
14.47516095716582,120.79504517296581
14.475161826768746,120.79513790677944
14.47487857699924,120.79384231286016
14.473903777780155,120.79589226707729
14.473812551084373,120.79580042584175
14.473813420310426,120.79589315914288
14.473814289499975,120.7959858924502
14.473815158653025,120.79607862576368
14.474128155280537,120.84940303564804
14.47318178715138,120.79599213647434
14.473182656264845,120.79608486952564
14.47318352534181,120.7961776025831
14.472465009990731,120.79664840152282
14.472962792652314,120.85043445002727
14.472374652463824,120.79664929319004
14.472871584213317,120.85034258368333
14.472872431886389,120.85043531996935
14.472284294936166,120.79665018485109
14.4722851637376,120.79674291757102
14.472286032502536,120.79683565029713
14.472194806203541,120.79674380918847
14.472195674962826,120.79683654187711
14.470745610516845,120.79638714593223
14.470394603513638,120.79750349593131
14.470625608097373,120.8320938306481
14.470534393643176,120.83200197367125
14.468480590453687,120.79576031791237
14.46848145938256,120.79585304899777
14.468390232950476,120.79576120968254
14.468391101873694,120.79585394073052
14.465722027096643,120.79068692991959
14.450611955397466,120.7790593671337
14.402776016124545,120.50429671550339
14.382571826499513,120.62158942999282
14.118230156935358,120.58075140542762
13.806850936665708,120.35222315390844
