centroid_lat,centroid_lon,vals
16.19243639793316,-88.57384296733838,0.820248383135835
16.192437090507088,-88.57374942149755,0.8217811091872287
16.1896535787899,-88.57120150196829,0.8233559120774524
16.18884156612918,-88.61918561615398,0.8260011685067608
16.188842278498,-88.61909207408183,0.8248061726164142
16.188751174821185,-88.61918487893526,0.8257631845342285
16.188751887185816,-88.61909133690564,0.8253144485484931
16.18854255980607,-88.57474759117697,0.8200582016550965
16.18724582448301,-88.61505652502963,0.8248593542648911
16.186845302539357,-88.58418252598089,0.8219291824425503
16.18919665515026,-88.22868955565369,0.9773753360286122
16.189105707799815,-88.22878255431719,1.0629003201372775
16.188561104649885,-88.22915342879502,3.2647289933513757
16.188470157126392,-88.22924642695473,7.195479266551994
16.188379209567337,-88.22933942502932,3.238585551059432
16.185672170616183,-88.61990814077895,0.8238859348443787
16.18828718004533,-88.2296195384571,3.1554390227292295
16.1882877210296,-88.22952598073971,3.266541593819222
16.18278783348036,-88.71118274846955,0.8219149979678068
16.183861947174417,-88.52232345677237,0.8200556251586217
16.183047259756073,-88.62035445470649,0.8243446014639025
16.182956155779475,-88.62044725647606,0.8254818777875652
16.182956868451377,-88.62035371723422,0.8258780139638504
16.182096348075998,-88.61464046611778,0.8224781464525052
16.18200595650722,-88.614639731291,0.8202366491006675
16.181216820975635,-88.67001098913215,0.8225572995903079
16.18112643191834,-88.67001022915657,0.8238500307414157
16.181433747753186,-88.61856394817352,0.8256736596899797
16.18143445953193,-88.61847040956104,0.819164914111736
16.180801007945494,-88.61855879221103,0.8249009646749382
16.180710616541194,-88.61855805566366,0.8252939416994771
16.180986165974396,-88.5697297338923,0.8208952849584592
16.180986856264017,-88.56963619325911,0.8250017790829248
16.180375479019897,-88.56673144061527,4.243103459211965
16.180376167966035,-88.56663790013481,5.115737310299951
16.17993830498181,-88.61312622163119,0.8225767199307945
16.17891132551343,-88.61742087632624,0.8249206338939896
16.178912036681865,-88.61732733884823,0.8218621575409597
16.17882093404211,-88.61742014038721,0.8257720550970303
16.17882164520636,-88.61732660295172,0.8249283811455933
16.176944027380053,-88.61459858843378,0.8198245920225622
16.17608875666902,-88.59616378445314,0.8184502731904137
16.174766672330403,-88.66256715940598,0.8243626799465212
16.17476740316253,-88.66247362600085,0.8253203443259247
16.174584431648228,-88.66275271349475,0.8245758281266394
16.17449404219968,-88.66275195714842,0.8189957003948118
16.174754027981358,-88.61729349244334,0.8235354636458151
16.174663636469088,-88.61729275676169,0.8185984854707669
16.174189208581517,-88.66705220740842,0.8245180461032333
16.17409881932789,-88.66705144912642,0.8236881129997822
16.17448000934211,-88.61766542696475,0.8223578063387023
16.174488539670563,-88.61654300208355,0.8221292237582913
16.17438961784418,-88.6176646911271,0.8231032119733982
16.174397437491827,-88.61663580214588,0.8248346577916847
16.17439814812243,-88.61654226675593,0.8218098517329504
16.174922578586475,-88.53348033168129,0.8227761227556134
16.173213817229254,-88.61774866044428,0.8235937552772966
16.17312342572432,-88.61774792462954,0.8242059219951593
16.172941931614435,-88.61783998766332,0.8229584634211289
16.17285154011129,-88.6178392518201,0.825843543711444
16.17276043747703,-88.61793205054113,0.8249477696879306
16.17276114860735,-88.61783851598155,0.8259768488878751
16.17267004597647,-88.61793131466474,0.8249477696879306
16.1726707571026,-88.61783778014768,0.8259768488878751
16.17257965447511,-88.61793057879306,0.8221774508996781
16.17258036559706,-88.61783704431848,0.8245097318067731
16.17248926297295,-88.61792984292602,0.8238102676784123
16.17239887147,-88.61792910706367,0.824856861003276
16.171802804472893,-88.6601103713666,0.8217869218715953
16.172124140835198,-88.61839457074507,0.8250557521744609
16.17203374934998,-88.61839383468893,0.8224405609728912
16.17148570872697,-88.61913768981223,0.8216181461784764
16.17148642033257,-88.61904415590834,0.8204896916100899
16.171530459674003,-88.61324504474698,0.8244872775768887
16.171531168692315,-88.61315151054906,0.8240539231144541
16.171396028871072,-88.61904341958747,0.825145855883524
16.17139674043142,-88.6189498857214,0.8201616396651685
16.170941224983324,-88.61941387262091,0.822843769353933
16.171013607222974,-88.6098734178198,0.8372650274274858
16.17082645406423,-88.61071375958744,0.8255061706565028
16.1710931203087,-88.56282304678004,0.8188198781833088
16.169848696638653,-88.62043389944276,0.8206180448443416
16.17244552210296,-88.10116341381814,0.8182492878166636
16.172278611735774,-88.11585093090933,0.820997326685213
16.16830064438335,-88.62191789020515,0.8341754563811502
16.168210253023844,-88.62191715273093,0.8420080802906558
16.16848090527766,-88.58600043304355,0.8231923870458305
16.16779186077487,-88.58141150859292,0.8210644078115201
16.16779255564937,-88.5813179746963,0.821503990386418
16.1637050608625,-88.64358063760173,0.8248342036038653
16.16370578287039,-88.64348710850032,0.8217454614933247
16.163614670443817,-88.64357989050427,0.8224972204774408
16.163615392447454,-88.64348636144534,0.8236453782130122
16.162985546949532,-88.64310701709907,0.8188357420347847
16.163546615196957,-88.55640312520336,0.8240206494779895
16.161923277505277,-88.62841331789635,0.8253462353522882
16.161923992775264,-88.62831978892153,0.8243049722919246
16.161924708004214,-88.628226259942,0.8193470823343318
16.161688733678563,-88.63542649098717,0.8188102817206774
16.161353686597096,-88.60820510317382,0.8236574524466296
16.16135439296861,-88.6081115735295,0.8225434146509065
16.161264000932615,-88.60811084266255,0.8215527699386358
16.16117007666943,-88.60857775955088,0.8224927276206174
16.161170783196788,-88.60848423001005,0.8225349616221028
16.160953914356554,-88.6132527642838,0.8195178988062016
16.160954622927616,-88.61315923506042,0.8227786344692115
16.16086139659966,-88.61353261861477,0.8194111388797958
16.160550469765322,-88.61876803748056,0.822875302367597
16.16055118074098,-88.61867450870233,0.8218547428338082
16.16045865613272,-88.61895435926782,0.8265178389478273
16.160071465236673,-88.62231844121621,0.8228910895878576
16.15998036127448,-88.62241123229687,0.8238876001427936
16.159981073825456,-88.62231770395584,0.8216135716307077
16.159887831980107,-88.6226910798663,0.8250859844718781
16.15988854464999,-88.62259755158179,0.8247846602590002
16.159796727877353,-88.62278387068284,0.8223480007554703
16.159797440584082,-88.62269034244547,0.829390143026582
16.159459597305702,-88.64317142069932,0.8203518080660649
16.158553527486536,-88.64344453393868,0.8236623765568679
16.15868849043391,-88.62586143387938,0.8225977852317321
16.15869063234215,-88.62558085114587,0.8208326949921856
16.1586913462295,-88.62548732355864,0.8247693824949712
16.162048818272847,-88.04721928535945,0.8263239500033481
16.158253164265556,-88.63549177604716,0.8216803396903088
16.158253882485436,-88.63539824912873,0.8216803396903088
16.161777120245496,-88.04731140854165,0.821458096323731
16.16177758029454,-88.04721785735286,0.8251625698874668
16.156438163860102,-88.6364121742354,0.8196043522210201
16.15643727276149,-88.62472064675126,0.8196234793651009
16.15598549125729,-88.63650198265185,0.8417768299077637
16.155894381849464,-88.6365947649039,0.9025729401797442
16.15589510045164,-88.6365012391458,0.8298626335501272
16.155803991047254,-88.63659402136015,0.8317124208613892
16.155804709645192,-88.63650049564448,0.8260280368195345
16.155712881609503,-88.6366868034896,0.8251062713699031
16.155713600244237,-88.6365932778211,0.8260664447245405
16.15571431883794,-88.6364997521479,0.8245245495903119
16.15602161510567,-88.59600269538785,0.8234689141256278
16.156022315893974,-88.5959091676896,0.8210997614792092
16.155621772138396,-88.63677958553416,0.8252944831517839
16.155622490809925,-88.63668605991285,0.8258393362672561
16.155623209440424,-88.63659253428679,0.822116208336017
16.155531381342247,-88.63677884191968,0.825501927587073
16.15497969047106,-88.63799020911681,0.8215851458008936
16.15498040964623,-88.63789668385405,0.8226369520745153
16.15498112878039,-88.63780315858655,0.8235262228467268
16.154981847873522,-88.63770963331432,0.825847833428537
16.15498256692563,-88.63761610803736,0.82594012421015
16.154983285936716,-88.6375225827557,0.8261986505221163
16.154984004906776,-88.63742905746928,0.8239910438478129
16.154867705521067,-88.64079521939351,0.8250897475431042
16.15486842592266,-88.64070169431515,0.8239115443488934
16.15487706754209,-88.63957939300555,0.8241691619599018
16.154877787410395,-88.63948586786564,0.8212214518181296
16.154884264379206,-88.63864414139356,0.8227876780682608
16.154886422630415,-88.6383635658177,0.8247814644873181
16.15488714196544,-88.63827004061628,0.8224274133622971
16.154887861259446,-88.63817651541014,0.8224274133622971
16.154786676866685,-88.63957864815563,0.8249118594069144
16.154787396730757,-88.63948512305818,0.8254386708116397
16.1547938736614,-88.63864339696805,0.8230816093189706
16.154795312528087,-88.63845634667375,3.294999012655231
16.154796031899895,-88.63836282151952,1.6299607217296361
16.154796751230684,-88.63826929636055,0.8330930242758721
16.15479747052045,-88.63817577119684,0.8330930242758721
16.154704202392413,-88.63854912744493,1.5971446725457707
16.154704921801002,-88.63845560233787,3.2917527391804415
16.154705641168576,-88.63836207722606,3.2940936899109423
16.154706360495126,-88.63826855210954,3.2940936899109423
16.15470707978065,-88.63817502698826,0.8262296700686432
16.15471427037975,-88.63723977551564,0.8219307158649544
16.15446401187708,-88.65790796921937,0.8227469999928121
16.154613811668774,-88.63854838307132,0.8262212580740461
16.15461453107313,-88.6384548580067,0.8261564026973549
16.15461525043646,-88.63836133293735,0.8261564026973549
16.15452342094433,-88.63854763870245,0.8260257583505854
16.15452414034445,-88.63845411368027,0.8260257583505854
16.154524859703546,-88.63836058865336,0.8236588249354657
16.154367793793124,-88.63527277436063,0.8254704915611699
16.154368511749038,-88.63517924925793,0.8251781195200818
16.154245052636114,-88.63948065431269,0.8258675358662294
16.15424577243372,-88.63938712946513,0.8260369290009869
16.154276684925367,-88.63536555654689,0.8220790582269019
16.15427740291807,-88.63527203149135,0.8255405486637696
16.154278120869755,-88.63517850643109,0.825128696309357
16.1541539421165,-88.63957343433871,0.8202111528937333
16.154154661950884,-88.63947990953834,0.8253845877810447
16.154155381744243,-88.63938638473323,0.8214644874705912
16.15419562470434,-88.63414898810154,0.8206498992345255
16.15419634215955,-88.63405546302711,0.8186735994350598
16.154507343113856,-88.59299750356324,0.8233659577126513
16.154063551434703,-88.63957268952667,0.8196745916881921
16.15410738600683,-88.63386767064084,0.8200364799670797
16.153848170390905,-88.64406037865278,0.8215251332035481
16.15423686421219,-88.59290180555224,0.8206605808411788
16.153848401962282,-88.63227551973803,0.820310634559276
16.1537580109472,-88.63227477825511,0.8251528721775114
16.153244468082733,-88.66360310474283,0.8252267995156534
16.152780259472003,-88.67669326375251,0.8231288145396335
16.152689870483513,-88.67669250215096,0.8257464436460134
16.152690606545665,-88.67659897980243,0.8238269277840607
16.15303201606791,-88.63264294498245,0.8223728440706934
16.152599481494214,-88.67669174055422,0.8207642835033827
16.152941625062528,-88.6326422033722,0.8184782073659232
16.15263168786984,-88.63769029069958,0.8228173268570447
16.1525714571594,-88.63376152924268,0.819297236518441
16.152483217710156,-88.63348021427164,0.8252463130257816
16.15248393479793,-88.63338668997051,0.8539161877352972
16.15239712862409,-88.63291832668479,0.8183439788413884
16.152257177080603,-88.63937074645634,0.8212447983643038
16.152267967723276,-88.63796788717941,0.8190848711226529
16.151943022929462,-88.6331951904053,0.8187121132607988
16.155423689274905,-88.0882529053011,0.8183598169264509
16.15176224094941,-88.63319370679342,0.8239085058990167
16.151671849958177,-88.63319296499455,0.8242316587994882
16.151580742002658,-88.63328574708665,0.8215026870481357
16.151581458966152,-88.63319222320041,0.822089765222618
16.15149106797333,-88.63319148141096,0.8229021197195878
16.15135902579271,-88.63861511230402,0.8188777200908552
16.150873220015022,-88.64300698184836,0.8320070011630658
16.150781386948825,-88.64319328173261,0.8242682254617375
16.150782108225695,-88.64309975868709,1.0617217194851307
16.150690275089428,-88.64328605843929,0.8207790146930718
16.15069099640306,-88.64319253544093,0.8233864363212493
16.15071765617708,-88.63973218116945,0.986972916145444
16.15071837593231,-88.63963865799103,0.824294146656793
16.150599163196723,-88.64337883506111,0.82473399809963
16.150599884547113,-88.64328531210994,0.8222525739154063
16.150627265473396,-88.63973143645238,0.8310297739010186
16.15062798522439,-88.6396379133164,0.8257470205760521
16.15050660837339,-88.64365865739188,0.8280635324952845
16.150507329842554,-88.64356513449735,0.8264642561694732
16.150508051270712,-88.64347161159809,0.9100728202898114
16.150416217846473,-88.6436579109023,0.8247309896447449
16.150325105817096,-88.6437506872224,0.8185939498528845
16.150233993754416,-88.64384346345761,0.8245600339335374
16.15023471529285,-88.64374994069986,0.8198613997402556
16.150142160042233,-88.64402976231383,0.8240476575391662
16.150142881658425,-88.643936239608,0.8250496745159794
16.150051769529142,-88.64402901567351,0.8187677937719524
16.149941924386745,-88.62298408607558,0.8245983201773951
16.149851532919676,-88.62298334900034,0.8230592687505442
16.14951014802023,-88.64393101352243,0.8246160734354135
16.149510869565646,-88.64383749110884,0.824796008566639
16.149932917792114,-88.58819082314875,0.8212650802987931
16.148308465342488,-88.62381252472713,0.8237827079249519
16.14830917800816,-88.62371900193595,0.8256942383100904
16.148309890632813,-88.62362547914007,0.8260546093554252
16.148310603216466,-88.6235319563395,0.8257369701639392
16.14821807389884,-88.6238117873544,0.824130245544618
16.148218786560307,-88.62371826460563,0.8213694399519154
16.14737404186481,-88.65130202231241,0.8244611149861565
16.14737476655151,-88.6512085012502,0.824400388599453
16.1473429394562,-88.6436325330794,0.8623936101250165
16.147343660776553,-88.64353901166967,1.2780221172101631
16.147250384707,-88.64391235082924,0.8194052317287404
16.147154221209203,-88.64465977469743,0.822097820237511
16.14715999416408,-88.6439116043832,0.8494190121047954
16.147063830699516,-88.64465902791679,0.8233501143713551
16.146968386760545,-88.64531292932278,0.8196436049873316
16.146624805409033,-88.65466276683986,0.8221303168553354
16.14653441535196,-88.65466201554443,0.8226896321481835
16.146326263492085,-88.64652347066361,0.8239485023364311
16.146109269885603,-88.57964916698903,0.8189827419435767
16.146018876463874,-88.57964844976881,0.8189827419435767
16.14601956965543,-88.57955492602568,0.8226701402319452
16.1454656366926,-88.64090476430643,0.825971879836397
16.145466356734776,-88.64081124365,0.8253541295808812
16.145918774111568,-88.58095706388418,0.8197550934751804
16.14592848304135,-88.57964773255314,0.8185092904128061
16.145929176228815,-88.57955420885244,0.8203807114855068
16.145375245997748,-88.6409040193125,0.8219174221848781
16.14537596603568,-88.64081049869849,0.8231410756131279
16.145828380745478,-88.58095634607919,0.8244141004161382
16.145299827505088,-88.61527699477014,0.8236934200179649
16.144996390408902,-88.64314552862746,0.8202698417110839
16.14520943565305,-88.61527626141647,0.8232917095192837
16.14323018183687,-88.66108777029413,0.82239232772638
16.141295098626024,-88.60692071217986,0.8202232390581585
16.14153794852166,-88.57437537670008,0.8221558217164706
16.14120400137422,-88.60701350304257,0.8216648466484924
16.141204706367187,-88.60691998280987,0.8206747234282988
16.141447554830865,-88.57437466208715,0.8244671719610221
16.14144824551854,-88.57428114025221,0.8221867354264151
16.14111360911873,-88.60701277363482,0.8251437428846747
16.14111431410754,-88.60691925344452,0.8205786833285142
16.141023216862447,-88.6070120442317,0.8234469376916391
16.139661181316693,-88.64338207690017,0.8189770130891256
16.140320718368695,-88.55547327537397,0.8201080033728094
16.139153557668166,-88.67377283501628,0.8224547894533016
16.13879567112118,-88.67330221678944,0.822625376961448
16.14122548726806,-88.25346152958107,4.490637543582005
16.14113453105305,-88.253554495306,2.8938200405215686
16.141135081005327,-88.25346096061762,14.722737042784278
16.14095756729095,-88.25289861500434,4.90779554208477
16.140867161006405,-88.25289804630631,14.782803976837492
16.140867710661862,-88.25280451171989,3.09896565212444
16.13797456366332,-88.56723924902182,0.8237011583411207
16.136889054457427,-88.69722751635986,0.8181835501647194
16.135895528933673,-88.69712553176878,0.818256159459264
16.137973609893653,-88.25297338310396,5.4510268446463375
16.137974159486387,-88.25287984987872,8.09218827390121
16.137974709038126,-88.25278631664989,3.881593112554107
16.137882104284444,-88.25315988083763,13.76634149625556
16.13788265395594,-88.25306634766204,13.76634149625556
16.13788320358644,-88.25297281448286,0.8225259738806641
16.13788375317593,-88.25287928130005,0.8212428972187865
16.13596651374703,-88.25604743788233,9.738905676077737
16.135876107529665,-88.25604686794112,16.363974570340964
16.13587665840077,-88.25595333581099,9.811236846456996
16.13497534972959,-88.25547997843802,1.5525426969023661
16.13112502929243,-88.69455992201831,0.8196228791859526
16.131125772231048,-88.69446641065723,0.8233356081749783
16.134138532812305,-88.25940316500684,6.558587923718901
16.13414184590806,-88.2588419777904,4.577653560155032
16.13415894006001,-88.25594250842289,29.536778947832985
16.134159490828377,-88.25584897709493,2.4262138486208205
16.13416059224214,-88.25566191442812,2.5259589449159057
16.134068533823708,-88.2559419385966,3.2976195906011836
16.134069084588823,-88.25584840731105,4.820170230653103
16.13326313439572,-88.25453384638433,2.808364493048881
16.133172177944083,-88.2546268081426,9.043947919675972
16.133172728102842,-88.2545332772304,13.478248326246405
16.13317327822061,-88.25443974631456,2.6781685771303945
16.13308232180919,-88.25453270808006,3.149247672966843
16.12983579880078,-88.69754150368124,0.8246334623699347
16.12974541059247,-88.69754073376737,0.8261497355689689
16.129746154775745,-88.69744722319834,0.8240186478480821
16.12965502238336,-88.6975399638584,0.8261486025881176
16.12965576656224,-88.69744645333174,0.8255393544504466
16.129564634173448,-88.69753919395431,0.8258070827515658
16.129565378347937,-88.69744568347001,0.8260375212046726
16.12939575948875,-88.69604148717995,0.8240159878060838
16.12930537120621,-88.69604071796834,0.825102073101958
16.129306114712353,-88.6959472075328,0.8251083291266575
16.129215726424633,-88.69594643836842,0.8194128343881655
16.127453671230693,-88.70154239180857,0.8245584393335769
16.127454417064783,-88.70144888250934,0.825920577876824
16.12745516285793,-88.70135537320522,0.8259766850589721
16.127455908610134,-88.70126186389618,0.825488419572184
16.127456654321396,-88.70116835458222,0.8215952510676109
16.127361791408383,-88.7017286386998,0.8231529026977288
16.127362537319957,-88.70163512945275,0.8262717526806288
16.127363283190594,-88.7015416202008,0.8263368251895117
16.12736402902028,-88.70144811094393,0.8263129833316015
16.127364774809035,-88.70135460168214,0.8262765801642552
16.12736552055684,-88.70126109241546,0.826207024992005
16.127366266263696,-88.70116758314386,0.8261935770019027
16.127367011929614,-88.70107407386736,0.8211382164442835
16.127275878205193,-88.70116681171042,0.8250447836789219
16.127126518369803,-88.55490267006216,0.8213046971636377
16.125663889260444,-88.72181973954883,0.8261240218296525
16.125664643898894,-88.72172623208354,0.8233512728667458
16.12557350216663,-88.72181895883983,0.8258809235470355
16.125574256800636,-88.72172545141689,0.8258551112876452
16.12548688781038,-88.7213506411832,0.8227488226141811
16.125396500692705,-88.72134986069588,0.8261059433960718
16.12539725511311,-88.7212563533328,0.8261505237295609
16.12528119488253,-88.72443481900994,0.8243833199020261
16.124732069534346,-88.72527168973551,0.8248327192196178
16.124627454998862,-88.71582591610947,0.8262764816441812
16.12462820696407,-88.71573240883498,0.8255750679772749
16.124628958888337,-88.71563890155554,0.8259207256569351
16.124629710771668,-88.71554539427113,0.8261799812316896
16.124630462614068,-88.7154518869818,0.8256564455584061
16.124631214415537,-88.7153583796875,0.823354721069336
16.124540075208376,-88.71545110921183,0.823355262929743
16.1245408270054,-88.71535760195988,0.8237921501979356
16.124449687801878,-88.71545033144682,0.823355262929743
16.124450439594472,-88.7153568242372,0.8237921501979356
16.124489495425607,-88.69917923233035,0.8216824413331087
16.12418445418287,-88.72592154254097,0.8247831143623542
16.124185210551122,-88.72582803597204,0.826263082914116
16.124246340440756,-88.71825398737654,0.8190841221612348
16.12424709345249,-88.71816048040021,0.8190841221612348
16.124247846423284,-88.71806697341894,0.8259166370738638
16.12409482363621,-88.7258272535218,0.825035473531928
16.123819124170318,-88.72638594452367,0.8262025915886746
16.123819880725367,-88.726292438149,0.8237147626798016
16.124013704329954,-88.70216762785661,0.8214442197941553
16.124014450283358,-88.70207412020102,0.8249896616975139
16.12372873727898,-88.72638516183929,0.8259433360139201
16.123851514599075,-88.7111435641051,0.8212046682342025
16.12392331629025,-88.70216685613899,0.822502817989381
16.12392406223925,-88.70207334852574,0.8203746366106774
16.123454550042094,-88.72675683858748,0.8255179263343497
16.12345530674302,-88.7266633324021,0.8262143154774816
16.123364163165423,-88.72675605575365,0.821838398610265
16.123364919861874,-88.72666254961062,0.8261382087203097
16.123065742794694,-88.70767682889705,0.8249405001805834
16.123066491119033,-88.70758332195508,0.8259557002832082
16.123067239402438,-88.7074898150082,0.8250570494281361
16.123067987644916,-88.70739630805639,0.823266250042876
16.123068735846463,-88.70730280109966,0.8212590513150555
16.122974606646302,-88.7077695616251,0.822281689683268
16.122975355007153,-88.7076760547304,0.8258786575853333
16.122976103327076,-88.70758254783078,0.8257564926935622
16.12297685160607,-88.70748904092625,0.8241148527003517
16.12283849172002,-88.71347269608748,0.8225685308787448
16.122839242573217,-88.71337918953616,0.8238356468106105
16.122661470501924,-88.71300361014607,0.8255535413411039
16.122662221141606,-88.71291010365474,0.8253179305841115
16.121900425771848,-88.70645118164066,0.8218455413156305
16.12181153333646,-88.70626339525705,0.822026571951622
16.121812280985047,-88.70616988883398,0.8246563190271047
16.121829465606343,-88.70401923974521,0.8192955955000949
16.121635242830365,-88.7057008102325,0.821340970756594
16.12136202591004,-88.72842192762737,0.8236474242092165
16.12155680826254,-88.70420393523389,0.8194701238112017
16.121271639095365,-88.72842114414613,0.8226005006427608
16.121461939055454,-88.70476420078592,0.8247706023129551
16.121462686031553,-88.70467069445347,0.8246957270567082
16.120996691447807,-88.72888631842044,0.8189334849680752
16.120905547094228,-88.72897903962782,0.8260491958334427
16.120906304652276,-88.72888553474748,0.8259924482708136
16.120815160302374,-88.7289782559175,0.8261310167549072
16.12081591785595,-88.7288847510795,0.8257731425860698
16.12072325828874,-88.72916448178856,0.8248604033604142
16.12072401591969,-88.72907097700286,0.8259740250169739
16.120724773509714,-88.72897747221218,0.8255038872238034
16.120632871504224,-88.72916369800356,0.8259763894987501
16.120633629130708,-88.7290701932602,0.8260460924511115
16.120779555078034,-88.60628771078716,0.8209526066983716
16.120689162617523,-88.60628698268143,0.8242726023139908
16.119633312634914,-88.72980960650224,0.825002420047098
16.120598770156217,-88.60628625458031,0.8243588621119025
16.120599473955895,-88.6061927439808,0.8246454170251618
16.120505562102696,-88.60665956866616,0.8223405310531166
16.120506266061955,-88.60656605812753,0.825609275844939
16.120506969980273,-88.60647254758427,0.8259962654710002
16.122105989135285,-87.98593045312471,0.9012869791327844
16.122106421189986,-87.9858369187775,0.8187663238823658
16.11787306269911,-88.59607114624076,0.8254244146632219
16.117873761909085,-88.59597763645023,0.8245325207538133
16.115909258101855,-88.73202152439899,0.8260232357939413
16.115817353975558,-88.73220774424236,0.8242800216044277
16.115818112715047,-88.73211424190694,0.8257620098177068
16.115726967295483,-88.73220695933024,0.8260575207796964
16.11572772603049,-88.73211345703714,0.8254032982282403
16.115635821843167,-88.73229967666893,0.8262585017306747
16.11563658061461,-88.73220617442314,0.8260581119001404
16.115543917509324,-88.73248589611647,0.8239280586400308
16.115544676358105,-88.73239239392299,0.8261737744670269
16.115545435165966,-88.7322988917245,0.826250226044458
16.115546193932932,-88.73220538952103,0.8259807243820065
16.115453530840288,-88.7324851110924,0.8260730869513899
16.115454289684585,-88.73239160894124,0.8258061960708998
16.115362385289732,-88.7325778281772,0.824050272791839
16.115363144170452,-88.73248432607335,0.8220697730040749
16.11527199862357,-88.7325770431208,0.8259255531405615
16.115180853043938,-88.73266976008365,0.8261768778493582
16.115181611956608,-88.73257625806941,0.8259171789342707
16.115089707431558,-88.73276247696185,0.8189950107542937
16.115090466380657,-88.73266897499495,0.8260920520656366
16.11426559844849,-88.73406443268794,0.8254073375512746
16.114266357929935,-88.73397093117185,0.8257626501981877
16.11417293316813,-88.73434415140585,0.8205883759112398
16.114173692767807,-88.73425064994709,0.8261804738320596
16.11417445232658,-88.7341571484833,0.8261310660149441
16.114175211844447,-88.73406364701452,0.826018851650648
16.11417597132141,-88.73397014554075,0.826119243606063
16.114081027263637,-88.73453036842844,0.8244037135573459
16.11408178694064,-88.73443686702198,0.8262925896762817
16.114082546576732,-88.73434336561051,0.8262949048980208
16.114083306171928,-88.73424986419406,0.8262594869314147
16.114084065726214,-88.7341563627726,0.826118652485619
16.114084825239598,-88.73406286134612,0.8237055510528818
16.112783674295123,-88.73844639630622,0.8219771641345064
16.11278443562718,-88.73835289570245,0.8228655196418448
16.111414930367783,-88.74002408181384,0.8255270394411954
16.1113245440264,-88.74002329358808,0.8260925939260436
16.111233395692455,-88.74011600516158,0.8255467434559972
16.111234157684233,-88.74002250536732,0.8214270280412407
16.111142247325805,-88.7402087166505,0.8260660920261352
16.11114300935398,-88.74011521690355,0.8262681566979275
16.111051860991026,-88.74020792835518,0.8262142169574077
16.111052623014707,-88.74011442865053,0.8259564391837634
16.11096071259538,-88.74030063972221,0.8259402818916259
16.110961474655454,-88.74020714006488,0.8260297873788629
16.11086956416704,-88.74039335100463,0.825609796303363
16.110870326263505,-88.74029985139462,0.8260413142275219
16.110779177838868,-88.74039256263977,0.825953680621691
16.110779939930836,-88.74029906307206,0.8259405774518479
16.110688029381524,-88.7404852738003,0.8255796491607161
16.11068879150988,-88.74039177427991,0.825908656947869
16.11059764305625,-88.74048448540317,0.826151213370079
16.110598405180106,-88.74039098592509,0.824681589426088
16.11050649456991,-88.74057719644183,0.8209239352833142
16.110507256730163,-88.74048369701107,0.8245278981106341
16.110416108247534,-88.74057640801244,0.8247495190171171
16.110324959732203,-88.74066911892922,0.8259429911936611
16.110325721924347,-88.74057561958809,0.8260986529105953
16.11033181798929,-88.7398276246782,0.8252987684297168
16.110332579813385,-88.73973412529187,0.8226479380583962
16.11023457341273,-88.74066833046757,0.82622914274862
16.110143424868404,-88.74076104126246,0.8250152276567192
16.11014418709244,-88.74066754201094,0.8261374205597177
16.111339894716224,-88.5872287046781,0.8201406161747173
16.110053038551825,-88.74076025276855,0.8254679273967902
16.109962652234437,-88.74075946427968,0.8243260304789898
16.10987226591625,-88.7407586757958,0.8253630035179707
16.109781117350344,-88.74085138639427,0.8257544730320451
16.109781879597264,-88.74075788731696,0.8251064572452514
16.109690731035055,-88.74085059787815,0.8241010106299534
16.10904277400044,-88.74271505212978,0.8262733782618499
16.109043537029162,-88.74262155349133,0.8262037245695256
16.109044300016993,-88.74252805484784,0.8247733116149903
16.108952387768838,-88.74271426280792,0.8257404831815358
16.108953150793052,-88.74262076421175,0.8262307683298411
16.10895391377638,-88.74252726561056,0.8213997872407772
16.10878000622149,-88.74168420027551,0.8218157389932428
16.108689619937913,-88.74168341143397,0.8261724444460278
16.108690382498818,-88.74158991290942,0.8241900727768576
16.108583210523587,-88.74364608956408,0.8229182771414765
16.108599996209943,-88.7415891241152,0.8209709786186534
16.1081297612622,-88.75486267903271,0.8219828782987989
16.10813052956582,-88.75476918143058,0.8255848707246387
16.108131297828546,-88.75467568382335,0.8254511297241717
16.108132066050384,-88.75458218621108,0.8253986677847618
16.108134370470577,-88.75430169334392,0.8258224026230742
16.10813821035315,-88.75383420513077,0.8260038273393616
16.108038607271375,-88.75495538181283,0.8260953032280789
16.10803937561134,-88.75486188425803,0.8256427512681189
16.108040143910415,-88.75476838669817,0.8215926402856496
16.1080409121686,-88.75467488913326,0.8219737651919531
16.108041680385902,-88.75458139156329,0.8240527850537261
16.10794591637264,-88.75523507950805,0.825919740456195
16.107948221624245,-88.75495458700092,0.8195757865905763
16.107962045406175,-88.75327163100171,0.8243177547927731
16.10796281300563,-88.75317813339817,0.8246023792865849
16.107854762243896,-88.7553277820243,0.8258994453209492
16.107855530738327,-88.75523428457434,0.8259225482783042
16.107871659676583,-88.7532708369561,0.8208932462802604
16.107872427271506,-88.75317733939485,0.8234079711693378
16.107873194825544,-88.75308384182851,0.8196100715763314
16.107580531017632,-88.75569938636836,0.8237374222968236
16.107581299661994,-88.75560588906552,0.8248262168947331
16.10749014540281,-88.75569859124344,0.8243509067976771
16.10749091404263,-88.7556050939829,0.8252999014105679
16.107196085133477,-88.74746764739936,0.8207383234638814
16.107196850157244,-88.74737414986343,0.8258258508256645
16.107197615140123,-88.74728065232247,0.8212024022725004
16.107076598088792,-88.75101975704244,0.8206950238913544
16.10707736466167,-88.75092625974051,0.8253240388287001
16.107078131193667,-88.75083276243352,0.8259460453159554
16.10710569911602,-88.7474668560212,0.8261920499407556
16.107106464135267,-88.74737335852758,0.8260978647500031
16.10710722911362,-88.7472798610289,0.819651302227304
16.106990044675342,-88.75055147771361,0.8261765330290993
16.106990811039275,-88.75045798042873,0.8261830846140208
16.10699157736231,-88.7503644831388,0.8234380690519475
16.10678887622224,-88.76401423504274,0.8202001575596077
16.10678964846891,-88.76392073852992,0.8246666143748386
16.1067904206747,-88.763827242012,0.8234157542551845
16.1067911928396,-88.763733745489,0.8204741418854266
16.106900425164948,-88.75045718770741,0.8260926924461177
16.106901191483466,-88.75036369045976,0.8260065859014338
16.10669694639919,-88.76420042912054,0.8236145185044975
16.106697718723066,-88.76410693266017,0.8262270738270658
16.106698491006057,-88.76401343619472,0.8205710856382512
16.106699263248167,-88.76391993972418,0.8201432129568306
16.106720869428752,-88.76130203648479,0.8255468912361084
16.10672164048525,-88.76120853986684,0.824548833626361
16.106722411500872,-88.76111504324379,0.824548833626361
16.10672318247561,-88.7610215466157,0.8231354646446292
16.106810039289815,-88.75045639499113,0.8259850592652629
16.106810805603804,-88.75036289778578,0.826218502580627
16.10681157187691,-88.75026940057538,0.8258651110751571
16.106812338109133,-88.75017590335992,0.8261116083003273
16.106813104300468,-88.75008240613941,0.8250052278692073
16.108146728402357,-88.57897431157681,0.8231850440281266
16.106630484079577,-88.76130123886819,0.8233195986629519
16.10663125513152,-88.76120774229251,0.8233195986629519
16.10663202614259,-88.76111424571177,0.8245078000155363
16.10663279711277,-88.76102074912595,0.8229253213267681
16.106634338930487,-88.76083375593906,0.8258351117126214
16.106635109778015,-88.76074025933801,0.8258954059979148
16.106635880584665,-88.76064676273185,0.8262536249870113
16.106636651350435,-88.76055326612065,0.8260534321966251
16.106637422075323,-88.76045976950435,0.8220623839985242
16.106638963402435,-88.76027277625653,0.8223120831260997
16.106639734004666,-88.760179279625,0.8246445951382977
16.106640504566023,-88.76008578298841,0.825689252743051
16.106644356759535,-88.75961829972927,0.8258859480708098
16.106645127075584,-88.7595248030622,0.825223449833137
16.10671965341389,-88.75045560227993,0.8219482977528219
16.10672041972335,-88.75036210511685,0.8251561606225889
16.106721952219626,-88.75017511077556,0.8260984066104101
16.106722718406434,-88.75008161359735,0.8251561606225889
16.10805633463013,-88.57897359644001,0.8228141205593128
16.106510768634717,-88.76485330575865,0.8247192240943595
16.10651154123565,-88.76475980941848,0.8261524941310411
16.106512313795687,-88.76466631307322,0.8260281617976417
16.106549348600044,-88.76017848252093,0.822104599850237
16.10655011915684,-88.76008498592661,0.8241644575576151
16.106553200975217,-88.7597109994986,0.8255465956758862
16.106553971327603,-88.7596175028789,0.8251190185546876
16.1065547416391,-88.75952400625414,0.8230948743741375
16.106414201214548,-88.7656004767451,0.8222301144245243
16.1064203834572,-88.76485250654531,0.8262683537380755
16.10642115605356,-88.76475901024745,0.826207320552227
16.106421928609045,-88.76466551394446,0.8252870938009468
16.106323816072752,-88.76559967719858,0.8232399944431527
16.106324588991605,-88.7655061809837,0.8225674964179679
16.106383375930534,-88.74736702802217,0.8244799680946289
16.106091943357228,-88.77176881144922,0.8207655642643449
16.106092718965083,-88.77167531565557,0.8244315947382903
16.106093494532068,-88.77158181985682,0.8252434494081609
16.106100472795266,-88.77074035743807,0.82340875932993
16.10610124795344,-88.77064686158825,0.8238008692244853
16.105998455692983,-88.77214199208154,0.8207098511624928
16.105999231459784,-88.77204849635062,0.8221014472078686
16.106000007185706,-88.7719550006146,0.8217484497826948
16.106000782870744,-88.77186150487344,0.8226164608947503
16.10600853747273,-88.77092654718096,0.8224348883983519
16.106009312708082,-88.77083305138362,0.8214795885007244
16.10601008790256,-88.77073955558117,0.8232186155870926
16.106028680305812,-88.76849565479098,0.8240105199419763
16.10602945447827,-88.76840215886095,0.8204947818409314
16.106030228609857,-88.76830866292582,0.8208398484001476
16.106032550759313,-88.76802817508981,0.824826019854585
16.106033324727374,-88.76793467913427,0.8251993124150049
16.106034098654547,-88.76784118317364,0.8200129694189907
16.105907295065098,-88.77223468527902,0.824316720331996
16.105908070868193,-88.77214118959549,0.8233847204318717
16.105937521093704,-88.76858834983665,0.8192985018422781
16.105938295302472,-88.76849485395401,0.8234060992879316
16.105942939696593,-88.76793387855099,0.8225103547750426
16.105815358524417,-88.77242087402294,0.8215614586822259
16.10581613440469,-88.77232737839192,0.8225633585748594
16.105852554665006,-88.76793307797281,0.8225103547750426
16.105857197560002,-88.76737210263997,0.8257812212321384
16.105724197795197,-88.77251356700388,0.8193162847156368
16.10576681250019,-88.76737130232058,0.8239190440532591
16.105633037033467,-88.77260625990024,0.8214430375532671
16.105541100209184,-88.77279244819577,0.8229777832661779
16.105449939346137,-88.77288514087562,0.8224749860684735
16.10545071541247,-88.7727916454393,0.8254033474882773
16.105451491437925,-88.77269814999784,0.8194945567895559
16.1053595545532,-88.77288433808197,0.8224458241265669
16.105360330614953,-88.77279084268791,0.8238295878260589
16.105177232737134,-88.77306972311361,0.825500241981065
16.10517800887147,-88.77297622781435,0.8237510180670368
16.105086071780335,-88.7731624155026,0.8261254011106886
16.10508684795096,-88.77306892025074,0.824847300190571
16.105087624080713,-88.77297542499375,0.8241579059726937
16.104995686997945,-88.77316161260255,0.8257366408986494
16.104996463163985,-88.77306811739295,0.8253147779417432
16.104813364994374,-88.77334699705249,0.8228097572799558
16.10472220394384,-88.77343968915062,0.8262043156899698
16.10472298021876,-88.7733461940832,0.8261169776443609
16.104631819171995,-88.77343888614416,0.826284855850472
16.10463259544233,-88.77334539111905,0.8260409201472259
16.104540658092734,-88.77353157812057,0.8245362723169248
16.10454143439935,-88.77343808314285,0.8260752051329812
16.10445027332387,-88.77353077508208,0.8256398941859727
16.104359112215885,-88.77362346693677,0.8261234799692454
16.104359888554207,-88.7735299720487,0.8256307318190897
16.105764593215977,-88.59541323513429,0.8185381093110965
16.104267951075396,-88.77371615870688,0.8258298408886618
16.104268727450005,-88.77362266386622,0.8257822556929155
16.104177566313297,-88.77371535559918,0.8258473282017984
16.104178342683323,-88.77362186080079,0.824470805727746
16.1040871815504,-88.77371455249659,0.8260277184573087
16.1039967967867,-88.7737137493991,0.8260183097902409
16.103905635625065,-88.77380644097319,0.8243994771941634
16.1039064120222,-88.77371294630676,0.8250059175097253
16.103815250864344,-88.77380563784367,0.8262426399987592
16.103724866102826,-88.77380483471926,0.8262426399987592
16.103634481340503,-88.77380403159997,0.8262332313316914
16.103270612942865,-88.77408130225476,0.8255256109001223
16.10318022819029,-88.77408049903421,0.8261350068179044
16.103089843436916,-88.77407969581878,0.8221229738440395
16.107214790983917,-88.01859206052677,0.8186339502578264
16.106764059003133,-88.01830917520307,0.8209707785016264
16.101734072040006,-88.77406764820134,0.823176547515491
16.106665613153957,-88.01999218482038,0.8222670025045692
16.101642910827852,-88.77416033865688,0.8213241730839754
16.101643687273793,-88.77406684506778,0.8257836842339887
16.10403178253376,-88.44512603111335,3.2929018649832953
16.10649014134659,-88.01886894815816,0.8239308777853991
16.1039413831205,-88.4451253767611,3.295478932408659
16.106399727406444,-88.01886848671646,0.8245248010767182
16.10385098370645,-88.44512472241303,3.2751793307962647
16.101275935635936,-88.77481157980161,0.8256098455633999
16.101276712349595,-88.77471808641741,0.8243856843838023
16.10118555090242,-88.77481077635545,0.8262583539505637
16.10118632761149,-88.77471728301352,0.8255342314065981
16.101187104279692,-88.77462378966646,0.8192445128417214
16.101095166168104,-88.77480997291444,0.8257182669048468
16.10109594287258,-88.77471647961477,0.8260212653924611
16.10109671953619,-88.77462298630998,0.8259638281893139
16.101005558132872,-88.77471567622112,0.8235930411283635
16.101006334791897,-88.77462218295861,0.825688366062385
16.10504619375131,-88.01830041297244,0.8237745202851773
16.104945962323033,-88.02035750944424,0.8183264793587303
16.104955779782916,-88.01829995183179,0.8200659355300275
16.10369488503988,-88.01726472335083,0.8198957114266405
16.10112170369566,-88.29258089985522,0.8197770618129738
16.10243309465237,-88.01641655663757,0.8200808757539774
16.09925377900592,-88.50858548246683,0.8223629633343574
16.09947856640304,-88.38178449242146,0.8237420982818009
16.099696015531002,-88.27405515065502,0.9405793305173455
16.099696573081317,-88.27396163613791,1.0069128290853848
16.099697130590737,-88.27386812161714,1.0723446746951673
16.0996056096381,-88.27405457391393,0.8211430689427726
16.095588766682596,-88.7847652579428,0.824945721744506
16.095589547482856,-88.78467176772787,0.8255602899661735
16.09559032824227,-88.7845782775078,0.8234030944256744
16.095497601555287,-88.78485794046043,0.8247208004155435
16.09549838239179,-88.78476445029293,0.8222543011026935
16.100449320743763,-88.0152841526605,0.8181931531595795
16.10035890665158,-88.01528369302396,0.8233024182513746
16.094724471097933,-88.79083481748141,0.8251441411735598
16.095438410886207,-88.49836425506645,0.81993865575309
16.095987143209793,-88.27440555837799,0.8236528822480629
16.092084677683154,-88.6586983576869,0.8245197124078203
16.092085403192293,-88.65860486289273,0.8238024345016732
16.09128566630858,-88.65682171466263,0.8194071536050096
16.0912863909621,-88.6567282201531,0.8219202830371762
16.0899409095049,-88.58378602225727,0.8202688845953809
16.08984982309251,-88.5838788030205,0.8222708914969992
16.08985051578976,-88.58378530579631,0.8209559298117218
16.09165086612194,-88.21162916718374,0.8205838053926348
16.088406944227458,-88.45623382672561,0.8187192198429822
16.077632743304694,-88.49785677719099,0.8211070134912791
16.076832883231994,-88.4432463097147,0.8217910505411049
16.073841952510747,-88.80186611019255,0.8191655982624402
16.073842739754753,-88.8017726310243,0.825079709045158
16.07375156888603,-88.8018652959678,0.8229843348510996
16.07375235612538,-88.80177181684174,0.8253988648249099
16.073661972495202,-88.80177100266435,0.8234988066775741
16.0724861980558,-88.80185389736646,0.8224624740190742
16.072591980603107,-88.31577252675093,0.8192012670179145
16.06697678771925,-88.44354919987003,0.8185031940685138
16.06796154070789,-88.28928092013273,0.8187224545499644
16.064725484981192,-88.42876053600607,0.8205254010739956
16.060289118499337,-88.80118319736924,0.825710336038889
16.060289904800015,-88.80108972449467,0.8251738942359105
16.06029069105994,-88.80099625161492,0.8251447815540409
16.060291477279105,-88.80090277872998,0.8228954204843064
16.060197162012056,-88.80136932982549,0.8260122015456522
16.06019794838959,-88.80127585700343,0.8258996423610973
16.060198734726363,-88.80118238417622,0.8257566404736733
16.060199521022383,-88.8010889113438,0.825810333914008
16.060200307277647,-88.80099543850619,0.8259893448884823
16.06020109349216,-88.8009019656634,0.8260715598902427
16.060201879665915,-88.8008084928154,0.8258551112876452
16.060202665798915,-88.80071501996223,0.8257509263093807
16.060099699057748,-88.80220977133878,0.8255052172448025
16.060112282001864,-88.80071420698513,0.8211732403305937
16.06011306808945,-88.80062073416892,0.8260191964709069
16.060113854136283,-88.80052726134751,0.8247363173272
16.0600250422912,-88.8003395028858,0.8254909810941082
16.06002582821111,-88.80024603009097,0.8210046232239275
16.05991342335669,-88.80286245244825,0.8248972991281305
16.059937016097436,-88.80005827181404,0.8252159623075124
16.059937801890428,-88.7999647990458,0.8257777237695112
16.059938587642666,-88.79987132627238,0.825676395873393
16.059939373354144,-88.79977785349377,0.8182118254259598
16.059822252612648,-88.80295511108258,0.8258043734495305
16.05984741805372,-88.79996398642142,0.8214119544699173
16.059848203801305,-88.79987051369014,0.8261322975158693
16.059848989508136,-88.79977704095367,0.8256361011631234
16.059849775174214,-88.79968356821202,0.8238639220718511
16.059850560799532,-88.79959009546516,0.818654032778149
16.05976017694342,-88.79958928301454,0.818654032778149
16.059638336657788,-88.80332737302379,0.8249411898211014
16.059670578661766,-88.79949499790138,0.8217678089772374
16.059581765818347,-88.79930724023653,0.8182293127390964
16.05958255126669,-88.79921376759538,0.8230812293438873
16.05958333667428,-88.79912029494903,0.8240081554602001
16.05958412204112,-88.79902682229752,0.821209052377496
16.059493738154693,-88.79902601011533,0.8252058147398894
16.059404924860264,-88.79883825278829,0.8242336186495695
16.05940571009554,-88.7987447802055,0.8240234260716714
16.059315326193552,-88.7987439681601,0.8218374626695618
16.059169878054632,-88.80528621848256,0.8207421164867308
16.05917066609254,-88.80519274634234,0.8258877706921791
16.059171454089697,-88.8050992741969,0.8249146386611561
16.05907791828844,-88.80547234767816,0.8255697971533154
16.059078706403184,-88.80537887559048,0.824040371524401
16.05907949447718,-88.80528540349759,0.8259081643474989
16.059080282510422,-88.8051919313995,0.8261094901187362
16.05898753471952,-88.80547153261409,0.8257489066478636
16.061018329427103,-88.54597405562664,0.8211941372003679
16.061019004372717,-88.54588057017641,0.8211941372003679
16.060925908759515,-88.54625381378904,0.8202993488154465
16.058456165874688,-88.58727626909904,0.8208198432424751
16.058181305435138,-88.00534497478316,0.821062383293514
16.05130885751654,-88.56347443383964,0.8220933531121116
16.05064753424013,-88.38359751918517,0.8202691268230781
16.04748895498477,-88.39666429416754,0.8218405027465383
16.047447752438714,-87.99977454574964,0.8193675594778731
16.04345567535458,-88.40514356331221,0.8217743372466024
16.042305546044428,-88.40130253271607,0.8191049549709187
16.039324902038544,-88.41465012213779,0.8212724717007267
16.038981721394393,-88.4390471989789,0.819950168217868
16.03685627608239,-88.41883948687229,0.8182571276022881
16.03519135471966,-88.55465525263551,0.8190394580503914
16.036035903147933,-88.26074852835221,0.8234462858136983
16.036036452754796,-88.26065504308902,0.8221213027729641
16.035403054854385,-88.26074455004652,0.8184575278209505
16.035403604438425,-88.26065106507814,0.8196746541953512
16.032734934002864,-88.32831824668462,0.8212487521675138
16.030495468709262,-88.11861159812867,0.8247521190681368
16.030405057081463,-88.1186110940382,0.8235904802976374
16.030326333744153,-88.11636689048173,0.8192485762558426
16.030235922045435,-88.11636638740828,0.8184236121928594
16.030236408545644,-88.11627289993227,0.8198831037262428
16.030146969715737,-88.1160854220267,0.8244214143993774
16.03005655800681,-88.11608491908602,0.8244214143993774
16.030057044379074,-88.11599143168458,0.8247952609770941
16.03005753071062,-88.11589794427992,0.8211093145754128
16.02790966595338,-88.40456724147232,0.8202732019185747
16.027176043094446,-88.4061512644397,0.8246701731359336
16.02308356711029,-88.28001799391313,0.8222593740379496
16.02168258527609,-88.31730791664799,0.8240586349370385
16.022444417020115,-88.02909901839494,0.8198268709044881
16.02235400266167,-88.02909855488333,0.8242927890858348
16.02136314384835,-88.00927389908972,0.8233718224669319
16.017621147069214,-88.57153062503147,0.8211560260842932
16.019712087821738,-88.20651993283194,0.8229170260874944
16.01772023783409,-88.31475799968592,0.8242869379395107
16.017360907082665,-88.31438173351722,0.8212168645617758
16.016685165471756,-88.40673209956269,0.8228031830192268
16.014602325748232,-88.56402954441974,0.8184926078674448
16.012921981449423,-88.57130691456595,0.8190147212848594
16.014466952351356,-88.25406952519891,0.820733921409701
16.012907385894753,-88.41754850698715,0.8210185558003209
16.01267127990846,-88.26733216465838,0.8238634826413184
16.00997911151177,-88.55333837728564,0.8220574295394024
16.009006050430138,-88.6709083590673,0.8258265842361384
16.00900677761002,-88.67081490360906,0.8259665866627031
16.00882523110141,-88.5996881662813,0.8232563427123512
16.008734837404564,-88.59968744647242,0.8260604612648235
16.008735533584833,-88.59959398780474,0.8235043288766862
16.00864374749017,-88.5997801852892,0.8240929062142458
16.008644443706935,-88.59968672666815,0.8258038431883332
16.008553353795882,-88.59977946544753,0.8255591286878401
16.00855405000851,-88.59968600686848,0.8252680273680227
16.010784861986796,-88.26526377378899,0.8220039247464384
16.0084629601008,-88.59977874561046,0.8231499896379926
16.01051094922625,-88.28096609024912,0.8242714660790419
16.01010984757712,-88.30255641247341,0.8183249911681079
16.00987754684012,-88.2810555272793,0.823093142424903
16.006164226405705,-88.55583242949375,0.8185142937942166
16.00513696995506,-88.30261764727578,0.8190916249037777
16.00420168350013,-88.42159970519674,0.8200359862158669
16.005641161352184,-88.18428148364046,0.8234719006460919
16.005369932123852,-88.18427988522627,0.8327117819730276
16.003840773903114,-88.40776378333351,0.8209765541032813
16.00241070432344,-88.51178193220814,0.8228749701148805
16.00241136200256,-88.5116884725646,0.8236157773091067
16.002412019641064,-88.51159501291671,0.8233997646824087
16.002412677238937,-88.51150155326448,0.8238191742093758
16.002413992312814,-88.51131463394695,0.8203522711765203
16.00236428120414,-88.50551944931972,0.8235622524901635
16.002364936157544,-88.50542598942718,0.8205380684214784
16.002365591070323,-88.50533252953032,0.8205380684214784
16.00224962171231,-88.50897678358228,0.8194514872685016
16.00192080316274,-88.50430108736305,0.8213617363469139
16.000918570770548,-88.5561656673939,0.8201317494385578
16.00130501879802,-88.50186640434893,0.8188263435845933
16.00077634176452,-88.49989970528432,0.8203858994865154
16.000778298981057,-88.49961932708287,0.8466875267979365
16.00052340042834,-88.49728082042039,0.8208162493907212
16.000433002268995,-88.49728014704898,0.8208162493907212
15.999820539344215,-88.2066808982972,0.8211812070775132
15.99769261548638,-88.39398117600763,0.8222237871935686
15.994661739243258,-88.60789315548976,0.8218692210958781
15.99457134579202,-88.60789243266416,0.8221814912588514
15.991550133478585,-88.26140398907258,0.823315441660467
15.991459726230868,-88.26140342209867,0.823315441660467
15.991369318982365,-88.26140285512838,0.8214989975707703
15.99021930816799,-88.31747553420927,0.8190889237042491
15.990219880905386,-88.31738207235958,0.8245744628390119
15.988326339129474,-88.57223611962716,0.818620092905395
15.987926872204184,-88.60185823657848,0.8219300059524799
15.98749546946894,-88.6112002070665,0.821902097423741
15.987405076105013,-88.61119948309644,0.8222896929987336
15.986263527408182,-88.6067045780391,0.8245555023879657
15.986082041946887,-88.60679658207367,0.820207896734928
15.989325798649293,-88.03453783418928,0.8194045666946811
15.985722562416141,-88.60651335145091,0.8211499183069786
15.987644321123804,-88.32456195640819,0.8216080374103576
15.987463511086522,-88.32456076600394,0.8254864244035804
15.987181926297346,-88.32624126293585,0.823974259910493
15.987091521336874,-88.3262406669955,0.8199632402636358
15.985042265235995,-88.53884706458292,0.8188614494613692
15.984450068737635,-88.60743771742077,0.8229488834700273
15.984450767258117,-88.60734427039424,0.8249014435549069
15.984451465738024,-88.60725082336307,0.8236919550619368
15.9849518686947,-88.53884637322764,0.8228967961460263
15.984359675180436,-88.60743699528582,0.8213762668267283
15.98436037369676,-88.60734354830123,0.8237115950513377
15.982232174680554,-88.52723722760201,0.8214155494647541
15.981995435602935,-88.5223757912812,0.8225594769862705
15.983545836810796,-88.2848132430323,0.8225424907581588
15.983546395124312,-88.28471978306503,0.8213949284494376
15.97800216234134,-88.68223816489191,0.8221257891762861
15.978002893071952,-88.68214472438159,0.8252959903450513
15.978003623762023,-88.68205128386644,0.8251801551111345
15.980769711408815,-88.26507492346775,0.822522724822377
15.977463474228218,-88.68176643117162,0.821313923252856
15.977006408576747,-88.68241673575018,0.8223042905826475
15.977007139340621,-88.68232329571055,0.8244557714662667
15.976916018373643,-88.68241598031123,0.8251488882620118
15.976916749133173,-88.68232254031352,0.8244535402258062
15.976917479852155,-88.68222910031096,0.8240332932641083
15.977147074233407,-88.65260837696093,0.8215511802205815
15.981183348061311,-87.99729493269383,0.8203188107841306
15.976827089639572,-88.68222834496066,0.825291612937248
15.976465528781295,-88.68222532360792,0.833702983036941
15.976375138564745,-88.68222456828185,0.833702983036941
15.976284748347402,-88.6822238129606,0.8215039312063854
15.978184615127462,-88.4186121320306,0.8183002548692899
15.978094213603388,-88.41861149496977,0.818506911455299
15.976181266802712,-88.32149583226068,0.821321621951817
15.97185744384237,-88.30408441478559,0.823172822232811
15.96255183241966,-88.31785521624876,0.821678687547598
15.962552404358084,-88.31776176725377,0.8232077561870677
15.962190210518386,-88.3178528514239,0.8198708531384582
15.960084769457584,-88.50137195847248,0.8233508701810299
15.957154801971942,-88.67785940171798,0.8225383612860501
15.956702849056313,-88.67785563972977,0.825260542383172
15.956703576938885,-88.67776220888561,0.8252710696909541
15.956704304780963,-88.67766877803663,0.8254566878499731
15.95661245847081,-88.6778548873466,0.8222594376025214
15.956613186349044,-88.67776145654429,0.8244157953674041
15.956613914186788,-88.67766802573716,0.8260202321049688
15.956522795758417,-88.6777607042078,0.8245356411231192
15.956523523591825,-88.67766727344252,0.8245112383999859
15.956524979137173,-88.67748041189748,0.8241134418554976
15.956429493445825,-88.67813367472162,0.8221351159008897
15.956430221436847,-88.6780402440175,0.8225354740585805
15.95643386078465,-88.67757309042445,0.8199436421390645
15.956434588532744,-88.67747965969136,0.8249852784227636
15.956435316240348,-88.67738622895345,0.8250990474660729
15.956339102870956,-88.67813292222739,0.8212543142751961
15.956339830857644,-88.6780394915651,0.8230885379677373
15.956178840318575,-88.66383573668824,0.8237891169507688
15.956179562097535,-88.66374230541619,0.8248128069393224
15.956088449079788,-88.66383499061592,0.8184278259641683
15.955198242626674,-88.66205234391497,0.8226147937153221
15.955198963589087,-88.66195891301236,0.8201100926603424
15.954140128547788,-88.6468134449889,0.8205707505328956
15.9562194201223,-88.25800534015026,0.8201993425845825
15.954835001115564,-88.43601547678277,0.8217567248976287
15.9543736476021,-88.43741386517176,0.8195893416819325
15.954124235942722,-88.42049852207604,0.8192748999648054
15.95170931043713,-88.73761142630313,0.821331709869637
15.952178885891144,-88.65501978471217,0.8206602953428107
15.952179603671606,-88.6549263548744,0.8222392585818763
15.952088494213603,-88.6550190427878,0.8198358390039093
15.952089211989794,-88.65492561299189,0.8246721501880218
15.951998820307182,-88.65492487111413,0.8256789806346654
15.951999538038613,-88.65483144135528,0.8265194039609213
15.952000255729567,-88.65473801159168,0.8264867616651639
15.951909146350944,-88.65483069952413,0.8258208187344246
15.951909864037622,-88.65473726980234,0.8263292333361513
15.942937391572134,-88.6577468978842,0.8222627636480547
15.942680935515817,-88.66755504717868,0.8192568694506188
15.942681658312669,-88.66746162233537,0.8194510222332375
15.942590544335646,-88.66755430010518,0.8216632293672747
15.933639646244576,-88.66776062552636,0.8249393357279877
15.932026705119842,-88.51900865569029,0.8224110097012627
15.931936307294219,-88.5190079756292,0.8233725629481031
15.931055526254797,-88.4499547732819,0.8196809780466019
15.925824309066343,-88.43459444704293,0.8204890210827298
15.915364712664799,-88.6696649530606,0.8190076515099137
15.915274321353753,-88.6696642063916,0.8185030843432503
15.915183207505104,-88.66975687174887,0.8215179715645673
15.915092816196793,-88.66975612504774,0.8221479941476426
15.915667595791373,-88.59371720969772,0.8188252205724559
15.917339962370523,-88.21104588511012,0.8187586806939925
15.913191708368593,-88.67011408979879,0.8190065074975228
15.912650083083731,-88.6700161984621,0.820190751031167
15.913568164996136,-88.15692493787762,0.8226162216533546
15.90830696412677,-88.67054081558284,0.8243440106644189
15.90806427748645,-88.6432615682111,0.8223294710325917
15.910600085270444,-88.15401151552432,3.2736022666929445
15.910601582910488,-88.15373122326598,3.282953031945873
15.910511171382764,-88.15373070744603,3.2926668036497717
15.906939517129764,-88.48658997737529,0.8191646715857956
15.907264680521951,-88.43857334497719,0.8213594002156216
15.904611580545264,-88.64556886874762,0.822684431744989
15.905912137547078,-88.39671014316205,0.8184235975093564
15.905730727483467,-88.3968023143222,0.8226299013516029
15.90287336634,-88.67180370915273,0.8182336572805807
15.90279772572319,-88.63443791184494,0.8188254756959369
15.90270733269504,-88.63443718153272,0.8188254756959369
15.902729927648293,-88.63144812543285,0.8208577845571018
15.902549141319588,-88.63144666749079,0.8184315506406792
15.90101386805096,-88.63124746115888,0.8208591589941033
15.903719818250952,-88.15565400896732,0.8212219256283932
15.903269759338523,-88.15527771752393,0.8228826209096372
15.903179347799007,-88.15527720126322,0.8186350536285115
15.902997525459423,-88.15546302313587,0.8218750794773518
15.900131778100674,-88.39582944626652,0.8232958997739531
15.90013238157,-88.39573602917642,0.8228618725790228
15.897493310890146,-88.6425218267247,0.8217425010379614
15.89739581614785,-88.64345514383093,0.8208572478283949
15.897402918184632,-88.64252109305906,0.8244792401337789
15.897286939422655,-88.64588293846604,0.8248123892986089
15.897287650852258,-88.64578953357463,0.823548103630996
15.89592535130425,-88.68183445364419,0.8233953616000564
15.895837812612234,-88.64624479338086,0.8186046440421124
15.895744573584695,-88.64661767474229,0.8184900799257324
15.893818711735754,-88.6853664355271,2.6828534131454047
15.893728320974446,-88.68536568291258,2.6828534131454047
15.893753090916814,-88.64697510969332,0.8192315595618155
15.893775136343084,-88.64407960799875,0.8231125407270515
15.89598981150304,-88.32125125367159,0.8212821162031173
15.895990382589371,-88.32115783559281,0.8196980025316767
15.89599152464098,-88.3209709994239,0.8234022129610165
15.895901118723975,-88.32097040941608,0.8239240136712941
15.895901689685838,-88.32087699136761,0.8242883568236946
15.89590226060735,-88.32078357331535,0.8250586096082212
15.895903973129755,-88.32050331913582,0.8193856109981149
15.895821554116456,-88.3191948766347,0.8200162393014327
15.89582212430821,-88.31910145855585,0.8184538814128307
15.895731148133084,-88.31919428742665,0.8236139575081095
15.895731718321427,-88.31910086938953,0.8244937956816678
15.895386042875757,-88.31648281085384,0.8256464963388416
15.895386611880278,-88.31638939287365,0.8236319974704988
15.895295636789736,-88.31648222287389,0.8236815373541699
15.895296205790851,-88.3163888049354,0.8215478613555515
15.895296774751621,-88.31629538699312,0.8215478613555515
15.89503976711866,-88.31395817666765,0.8194464499447697
15.894687223754318,-88.31246114490206,0.8205308976068959
15.894687790996592,-88.31236772709299,0.8214403408098774
15.894599086229439,-88.31208688765302,0.8194101266977715
15.894510948031067,-88.31171263068097,0.8218332884780927
15.89451151494376,-88.31161921292514,0.8250928366697564
15.89442110867338,-88.31161862715098,0.8182750330046741
15.891437707580861,-88.64237927920738,0.8187561306113355
15.891197167274958,-88.6502235867883,0.8187712502503016
15.892292341358269,-88.44687434751843,0.8207987133557023
15.89220194023733,-88.4468737014458,0.8226917584761595
15.892202565467747,-88.44678029009158,0.8229439944309316
15.890533779920087,-88.64237194634154,0.8224282054015015
15.890434868628034,-88.64349203550861,0.8190696209702426
15.892371183876714,-88.30674747892186,0.8194977313433356
15.892282471359994,-88.3064666446555,0.8233674337981308
15.88972024495806,-88.64236534716568,0.8182370801770206
15.88962985218056,-88.6423646139475,0.8233574389874618
15.891922538996585,-88.30618406084511,0.8238667291100544
15.89192310343077,-88.30609064407632,0.82340562320438
15.891224400419054,-88.36073637344903,0.8231959711685414
15.891282623352927,-88.33691498767345,0.8194520220031491
15.891283201042201,-88.33682157236238,0.820728084875806
15.88850644272088,-88.65926206393998,0.8211934976756649
15.891365627544227,-88.23163025892475,0.8199691645141906
15.891274686189186,-88.23172312815757,0.8219958843491735
15.891275218429737,-88.23162970898298,0.8230426520316757
15.889072505961973,-88.45516520519959,0.8224467930017062
15.889073134654272,-88.45507179563319,0.8231144353993397
15.888982105147432,-88.45516455556421,0.8207358901790281
15.888715302593074,-88.45450874079718,0.819185278944245
15.888827336134577,-88.21685422259841,0.824532732204157
15.88698888566029,-88.4558041247835,0.8229952479950124
15.886898484854123,-88.45580347495265,0.8257624576653846
15.886899113738414,-88.45571006641543,0.8259254225941646
15.886899742582386,-88.455616657874,0.8247935845191802
15.886900371386037,-88.45552324932841,0.8237067824803087
15.886809341767906,-88.45561600813066,0.8244573942998848
15.886809970567795,-88.45552259962673,0.825734256785891
15.887630845797089,-88.29821580054167,0.8231457463519092
15.887631406641079,-88.2981223854554,0.8249160663739397
15.887631967444735,-88.2980289703654,0.8212918185953753
15.887540999825385,-88.29812180597212,0.8199243021734789
15.884793643212616,-88.6718411990482,0.8184945237565098
15.885447197338062,-88.40180013746058,0.8190070001742601
15.881815324934772,-88.40420373122589,0.8182658494497204
15.881873356381972,-88.39523651552466,0.8194750276221914
15.88159853064068,-88.39579509908482,0.819938223080162
15.881160676420508,-88.27640839832229,0.8201791400863696
15.879951964684833,-88.39877293606783,0.8233211013649702
15.880044301535442,-88.28172606510961,0.8249653962949337
15.879953894070518,-88.28172549323207,0.8251544730874232
15.879954447531142,-88.28163208107642,0.8188303055424008
15.879863486604819,-88.28172492135822,0.8184832408512441
15.87860054865538,-88.28124985781947,0.8245436134690773
15.878601101864783,-88.28115644627015,0.8242964015868689
15.878601655033876,-88.28106303471714,0.8232635888775738
15.87860220816266,-88.28096962316044,0.8215161693447147
15.878510141161513,-88.28124928620907,0.824050614897519
15.878580623911375,-88.26929258340238,0.825385473677917
15.878581171957924,-88.26919917142578,0.823808646443329
15.878387740999788,-88.27134651158396,0.8204930255087528
15.878061422213147,-88.28068596036043,0.823634921048237
15.87654402713577,-88.40846406241464,0.8184613488098865
15.876453016275562,-88.408556839805,0.8200245120514409
15.87602893196615,-88.40425704338816,0.8233350418884459
15.875938529026497,-88.40425641701708,0.8195236175594176
15.876258458375238,-88.26442049010313,0.8212488948828235
15.8761680502684,-88.2644199260873,0.8211551001263778
15.876155052343771,-88.23536781632242,0.8197696080672615
15.875587728970908,-88.2861817306289,0.8234442608341456
15.875497321627305,-88.2861811569332,0.820762492823495
15.873600592113547,-88.2550625698734,0.8223018804741716
15.87351072539253,-88.2549685999756,0.8237791914906233
15.873421400274697,-88.25478122004124,0.8184638896209921
15.873421941885136,-88.25468780991784,0.8241541245746649
15.873301141355943,-88.25991820936896,0.8210468663089923
15.873301685179422,-88.25982479948583,0.8210468663089923
15.872446918527562,-88.2513189044929,0.8250499335242223
15.872267181451006,-88.2511309689991,0.8189703797206545
15.872177312841432,-88.25103700137709,0.8187050650802632
15.871998655171907,-88.25066224716234,0.8241849150234244
15.871641337734424,-88.2499127406017,0.8247207163668934
15.87164187718484,-88.24981933112385,0.827877132875874
15.869828656698084,-88.41234048804036,0.8206591788792647
15.869738254022101,-88.41233985832332,0.8222454142823038
15.86964785134533,-88.41233922861034,0.8236264873467305
15.869104825782882,-88.41242885253536,0.8212565394870991
15.868741996001305,-88.41261313754526,0.8227253919512714
15.868847837660715,-88.21654742979872,0.8214095116369173
15.867696614698712,-88.21224356921009,0.8237352216075624
15.867609342515884,-88.21168257504037,0.8198208527211565
15.86751788676705,-88.21186885269682,0.8225238802046392
15.867518409667726,-88.21177544377794,0.8257770578633634
15.867518932528112,-88.21168203485557,0.8260068647447925
15.867519455348221,-88.21158862592972,0.8258822182553228
15.867519978128046,-88.21149521700038,0.8250163341302106
15.867520500867586,-88.21140180806758,0.82159540613439
15.867546168680764,-88.19047758920233,0.8222028959816501
15.862566699868411,-88.6821179330978,0.82254484257166
15.8653736180632,-88.20727889513331,0.8224367172060966
15.86240865806741,-88.55827408026893,4.080874874314765
15.862411346352221,-88.55790050890383,11.053936092436992
15.862412018322807,-88.55780711605138,22.993739491159268
15.862412690253144,-88.55771372319444,6.997625670375467
15.86231826133428,-88.55827338584174,3.352084114391448
15.862320949602989,-88.55789981464297,21.963320296134587
15.86232162156955,-88.55780642183208,22.439241861108663
15.862047071130185,-88.55827130258704,4.721247975489372
15.862047743245657,-88.55817790991878,5.085983914217319
15.862048415320881,-88.55808451724607,6.414733104184578
15.86420349230272,-88.20633782390675,0.8204900849955262
15.864113082107545,-88.20633728622586,0.8204900849955262
15.863712819652301,-88.2451000041968,0.8251675973118996
15.863713356764684,-88.24500659819844,0.8246850406923962
15.863383166265905,-88.19120044104199,0.8221583249529382
15.860143871841801,-88.20472573412187,0.8259832071276947
15.860144391425655,-88.20463232835104,0.8250325288468496
15.859527087547622,-88.20182640499264,0.8215018542667942
15.856284064563864,-88.64088035782191,3.274054969120213
15.856959810360237,-88.1242820754898,0.8233015486447062
15.855083953393533,-88.17116257839787,0.8246988197237943
15.847994162706746,-88.67284525385713,4.226901453452124
15.850803222201595,-88.19346172542622,0.8229397938483997
15.850948206626658,-88.16684205784584,0.8223236128786673
15.850712296998184,-88.19355459577082,0.82367060433956
15.850712811466744,-88.19346119395644,0.8257379906498926
15.850274119438946,-88.19103009368672,0.8249718649040938
15.850274632805652,-88.19093669198774,0.8231436947901521
15.850181654762482,-88.1914031699137,0.8206162941077824
15.850182168287061,-88.19130976826997,0.8254926993022478
15.8493131832111,-87.98636957265114,0.8230583204030419
15.84568670415025,-88.1187087804749,0.8234479041785376
15.84559725505509,-88.11852147857978,0.8225638123753725
15.841896889058747,-88.6545850682831,3.290924404639446
15.841897601824606,-88.6544916893106,3.2808027136306337
15.841806496440814,-88.65458433195079,3.2855102632612936
15.841807209202395,-88.65449095301983,3.2876826302483417
15.841538881924272,-88.65411522890271,3.300246839475826
15.841539594472117,-88.65402185007251,3.2988849953100807
15.841540306979772,-88.65392847123758,3.278494494666407
15.841446351410017,-88.6543946291345,3.2932885524183626
15.841447064074142,-88.65430125036006,3.2987300494835066
15.841447776698075,-88.65420787158088,3.3024264871155107
15.841448489281829,-88.65411449279695,3.302380713558185
15.841449201825398,-88.65402111400827,3.3032908848823825
15.841449914328782,-88.65392773521485,3.2987893209866965
15.841358809177901,-88.65402037794877,3.294775183451127
15.841359521677013,-88.65392699919686,3.2766302686588222
15.84336597220035,-88.24581580310377,3.2914900918965984
15.839066417059882,-88.68173644444272,0.8193979589048661
15.838896256833563,-88.66866147764483,0.8223465683880371
15.836398425356293,-88.61653340250606,0.8245039745905285
15.833446909421959,-88.6483531088981,3.2968171885544266
15.833356516448626,-88.64835237575019,3.2774090214581815
15.836327091686423,-88.16199471767794,0.8252835752461376
15.83058356795704,-88.70304981204218,0.8251064999004267
15.831367304629099,-88.58782510658163,3.281119366379808
15.831276908925338,-88.58782440044583,3.3001456019257653
15.830907804395528,-88.58884872291675,3.2946196179025264
15.833951355487741,-88.09734907457899,3.2893580148684434
15.83081672470459,-88.5889413932757,3.2878210974325053
15.830817408732983,-88.5888480163474,3.291144190929779
15.833860941562738,-88.09734858645125,3.2790784717612556
15.83276916126313,-88.11639609096383,0.8196338654023713
15.832588917606259,-88.02467641295473,0.8202599199866306
15.830447816005892,-88.1624280898938,0.8188225701084437
15.829669262009553,-87.97142348187367,0.8195035128171162
15.829669680196378,-87.97133008285054,0.8237226727067992
15.8293502322326,-88.0212043034685,0.8217306742077346
15.82737080758557,-88.16297086814453,0.826327618857126
15.827280395660443,-88.16297035105666,0.8270834542698235
15.826198955363708,-88.16231040514435,0.826214488399263
15.82619945561226,-88.16221701354267,0.8253399619813812
15.823405181018206,-88.16061336113573,0.825942867315835
15.823314768984213,-88.16061284523198,0.8265335103752595
15.821330196867319,-88.15976099128218,0.8228524057241423
15.821330695869323,-88.15966760183107,0.82028367419355
15.82114987170527,-88.15966657100982,0.8241066424123816
15.821059459622097,-88.15966605560419,0.8241959290085641
15.821610502248241,-88.03265314449743,0.8224810331017074
15.82010922782056,-88.13416459714684,0.8243134785296675
15.820018814918429,-88.1341640931088,0.8224356789718076
15.818123558174005,-88.13349978726585,0.8254925727545117
15.817169244596382,-88.16011083399258,0.8242322173053465
15.817078832494383,-88.16011031852601,0.825608878184317
15.816626771972894,-88.16010774124315,0.8239468035390587
15.815467937016708,-88.12255830756725,0.8209793857971759
15.81537752371318,-88.12255780884054,0.8224904472827266
15.815287110408876,-88.12255731011706,0.8216543868214248
15.815144316917968,-88.13264268030302,0.825098167540538
15.814510451584729,-88.13282593241547,0.8230137415968947
15.814510938794184,-88.13273254521054,0.824281092961902
15.814270066673886,-88.16121497488825,0.826049135391256
15.81427056608449,-88.16112158872538,0.82614004367352
15.814179654583295,-88.16121445903067,0.8255811648655784
15.812534076101088,-88.09508556472773,0.8194601272461904
15.812297675155735,-88.12366149208945,0.8189361413413974
15.811887987377826,-88.13290472531824,0.8251393045601948
15.811797574367791,-88.13290422211531,0.8239886851999675
15.811845125442135,-88.12375238283943,0.8214157073309123
15.80832627694311,-88.6588870249953,3.305972123888045
15.808326990088247,-88.65879366163742,3.304423075830295
15.811834157144435,-88.05380330592247,0.8240666706270872
15.810346092745814,-88.1338300240772,0.8237405913776253
15.810255192198502,-88.13392290573232,0.8246454576173567
15.810255679752023,-88.13382952051501,0.8247637174123015
15.808091127337617,-88.13279020933618,0.8238969865288783
15.80845241253703,-88.06125693272804,0.8204637462965739
15.807095343947443,-88.29480620017334,0.8221244040451646
15.807004936342084,-88.29480562525323,0.825572974936886
15.80814223871456,-88.06919336435752,0.8194593155944286
15.807458236005248,-88.13278668822981,0.8262150106804614
15.807458722986425,-88.1326933042584,0.8258486495977938
15.807367822954696,-88.13278618522762,0.8241726857855872
15.807368309932947,-88.13269280129765,0.8248205996909842
15.806840882058514,-88.0579799410049,0.8237861194462327
15.806675945587056,-88.0547104914126,0.8252262524370352
15.805583510546278,-88.1624728179749,0.8281204185636485
15.805584010230582,-88.16237943583793,0.8261031575477975
15.804132917963388,-88.16321161216153,0.824484171500752
15.804133417920577,-88.16311823071422,0.8235728226743172
15.804349024550032,-88.12212345682364,0.8207246159220792
15.800425083360437,-88.60354960150619,8.85671876435293
15.802321675381997,-88.16376156851884,0.8227083555235407
15.801507466232895,-88.16385029966162,0.8213649173347247
15.799349162782807,-88.28990128568516,0.8250512960752647
15.799349717022482,-88.28980791087669,0.825418214590608
15.799258754937497,-88.28990071323787,0.819370978289228
15.799259309173841,-88.2898073384708,0.8240736612392563
15.80004926357957,-88.06009252315168,0.818405138692203
15.79915519548623,-88.07643017616435,0.8283018290354168
15.798425948461691,-88.16523341931604,0.8208305085323438
15.798335035681772,-88.1653262809385,0.8253294630805452
15.79833553636897,-88.16523290221917,0.8257987371997181
15.798169972632843,-88.12806590689972,0.8193295671608911
15.798247329958254,-88.05877576518307,0.8224572388910839
15.792488704831317,-88.15959673031406,0.8216034407703285
15.79304625922489,-88.04987743674977,12.40727005993457
15.793046710165852,-88.04978405679508,12.033772578347655
15.793051217370293,-88.04885025708278,1.1473999375751531
15.792960801663495,-88.048849791794,1.8111003281896663
15.792961252160717,-88.04875641184762,4.89911153821082
15.792775914017225,-88.04968927986214,0.8472777716678842
15.792780420739415,-88.04875548136191,0.8249954249665424
15.792780871191125,-88.04866210149532,0.8249954249665424
15.792516482659904,-88.06584300039275,0.8206854108509839
15.7908007299712,-88.17088588095277,0.8232618530078639
15.791232531772785,-88.0509886717212,11.76428399760314
15.790656941510957,-88.12970514357121,0.8202338739830464
15.790962187470583,-88.05080051525226,1.6275092034449297
15.789890070002793,-88.1720945580688,0.8189532561406955
15.78969320824475,-88.0514476389452,2.3942663465765373
15.78960279258565,-88.05144717260865,9.413926918633592
15.78816065489111,-88.05050593481943,1.3201583608773628
15.788070239191862,-88.05050546894806,3.6125189434622698
15.788070690264211,-88.05041209129143,7.270428036568527
15.787914451035983,-88.06395134808264,0.8196722079549392
15.786489678060832,-88.13126946300899,0.8192594142405043
15.785923943512891,-88.06422109740934,0.8186709188546029
15.785246773244783,-88.17804388409505,0.8198299219658549
15.7840797567932,-88.05300612001365,0.8727268936105936
15.779724316069126,-88.6517458301132,0.8223897137154454
15.779725024894859,-88.65165247951776,0.8227215920253407
15.77747151543839,-88.61466523846559,0.8253051382843257
15.777381120477687,-88.61466452296827,0.8241860380222336
15.77727484352605,-88.18089235938847,0.8254587093708355
15.777275350242439,-88.18079899083551,0.8255203041704852
15.777184938480028,-88.18079846757003,0.8356128153894374
15.771412338128426,-88.27450595220088,0.8248371827241132
15.771321929504456,-88.27450538763684,0.8242152641560591
15.770963722303271,-88.17758793601207,0.8228807875725184
15.769879789307696,-88.17739494619146,0.8193810079787595
15.764022609002689,-88.22301658299925,0.8235226303992013
15.761867178018434,-88.1017226081545,0.8195488072434504
15.760760488064768,-88.22430412490404,0.821220594170877
15.760761012871844,-88.22421076539665,0.8452147053004975
15.760670077614853,-88.22430358295964,0.8237980223333156
15.760126040304455,-88.22458040900072,0.8255510534158588
15.759219835918785,-88.22494842386537,0.8253352512727863
15.757485149288389,-88.16201199393974,0.8253618822487121
15.7570447333545,-88.22586899036682,0.8230613830465482
15.752857887813942,-88.59346775262749,0.8211661720008199
15.75422082982721,-88.16376729633457,0.826208310305666
15.75385868110942,-88.16385859506764,0.8245201574703548
15.749533242238943,-88.2109800567984,0.823333523498858
15.74783204604625,-88.19155163467563,0.8219064801879743
15.747857964269416,-88.17007943914889,0.8203329368802107
15.747768554200144,-88.16989221078855,0.8258524895212424
15.740231246634524,-88.1591132612815,3.303932548414218
15.7401408338623,-88.15911274889307,3.3281353058766734
15.732976008267645,-88.12882601695657,0.8184490976125389
